Date,Open,High,Low,Close,Adj Close,Volume
9/1/2015,21.83,22.200001,21.4,21.559999,21.028013,8835200
9/2/2015,22.15,22.219999,21.780001,22.209999,21.661974,8601100
9/3/2015,22.540001,22.65,22.23,22.27,21.720499,6563900
9/4/2015,21.889999,22.24,21.74,21.75,21.213327,7199300
9/8/2015,22.280001,22.77,22.190001,22.68,22.120382,5961200
9/9/2015,22.75,22.940001,22.18,22.23,21.681482,7234800
9/10/2015,22.1,22.860001,22,22.58,22.022848,8926900
9/11/2015,22.33,22.799999,22.24,22.65,22.091116,7539600
9/14/2015,22.76,22.83,22.57,22.690001,22.130131,4811500
9/15/2015,22.700001,23.059999,22.629999,22.940001,22.373964,8199400
9/16/2015,22.9,23.23,22.73,23.1,22.530014,4337700
9/17/2015,23.5,23.709999,23.26,23.309999,22.734831,6717800
9/18/2015,22.99,23.49,22.85,23.290001,22.715324,8160300
9/21/2015,23.32,23.58,23.200001,23.530001,22.949408,7046000
9/22/2015,23.02,23.18,22.77,22.889999,22.325201,5708900
9/23/2015,22.91,23.139999,22.82,23,22.432489,4040800
9/24/2015,22.860001,23.68,22.5,23.440001,22.861626,9561000
9/25/2015,23.73,24.07,23.379999,23.610001,23.027428,9242300
9/28/2015,23.610001,23.76,23.15,23.299999,22.725079,9889600
9/29/2015,23.549999,23.75,23.219999,23.709999,23.124962,9518400
9/30/2015,23.93,24.68,23.790001,24.65,24.041771,13909500
10/1/2015,24.65,24.719999,23.469999,24.17,23.573616,12232400
10/2/2015,24.040001,24.799999,23.790001,24.799999,24.18807,9653600
10/5/2015,24.959999,25.73,24.83,25.42,24.792774,12050600
10/6/2015,25.15,25.860001,25.049999,25.75,25.114628,11330400
10/7/2015,25.809999,26.280001,25.389999,26.02,25.377966,7753800
10/8/2015,25.91,26.24,25.469999,26.17,25.524263,11501700
10/9/2015,26.030001,26.280001,25.58,26.07,25.426729,10581200
10/12/2015,26.1,26.5,25.91,26.35,25.699823,5689700
10/13/2015,26.139999,26.559999,26.049999,26.4,25.748589,7461100
10/14/2015,26.43,27.790001,26.4,27.360001,26.684906,15303700
10/15/2015,27.41,27.99,27.129999,27.43,26.753178,13151200
10/16/2015,27.52,28.120001,27.450001,27.860001,27.172567,11209900
10/19/2015,27.950001,28.08,27.49,27.809999,27.123798,7367800
10/20/2015,27.690001,27.9,27.48,27.77,27.084782,6620600
10/21/2015,27.940001,28.110001,27.360001,27.41,26.733667,9657000
10/22/2015,27.73,28.49,27.690001,28.4,27.699245,7672100
10/23/2015,28.65,28.780001,28.219999,28.59,27.884554,9544400
10/26/2015,28.610001,28.68,28.200001,28.459999,27.757757,6185900
10/27/2015,28.32,28.620001,28.299999,28.440001,27.738253,5206700
10/28/2015,28.620001,28.67,28.200001,28.67,27.96258,5425900
10/29/2015,28.209999,28.5,27.629999,27.68,26.997004,8179200
10/30/2015,27.98,28.57,27.77,28.370001,27.669979,7529000
11/2/2015,28.459999,28.73,28.290001,28.700001,27.991842,4752200
11/3/2015,28.530001,28.690001,28.18,28.5,27.796774,9419200
11/4/2015,28.42,28.629999,27.9,28.030001,27.338373,11056600
11/5/2015,28.17,28.25,27.629999,27.709999,27.026268,11970000
11/6/2015,30.450001,31.940001,29.82,31.549999,30.771515,29306800
11/9/2015,31.24,31.5,30.969999,31.41,30.63497,12314200
11/10/2015,31,31.17,30.15,30.809999,30.049774,13806500
11/11/2015,30.83,31.049999,30.4,30.51,29.757179,15497400
11/12/2015,30.440001,30.719999,30.27,30.4,29.649893,7277000
11/13/2015,30.43,30.559999,29.65,29.799999,29.06469,7323500
11/16/2015,30.190001,30.42,29.950001,30.4,29.649893,8607000
11/17/2015,30.48,30.66,30.27,30.4,29.649893,6426200
11/18/2015,30.41,31.07,30.08,31.030001,30.379269,8755400
11/19/2015,31.139999,31.43,30.889999,31.120001,30.467377,6351800
11/20/2015,31.35,31.57,31.16,31.389999,30.73172,5993600
11/23/2015,31.65,31.65,30.809999,30.92,30.271574,6063800
11/24/2015,30.92,31.440001,30.780001,31.17,30.516333,4885700
11/25/2015,31.110001,31.48,31.02,31.129999,30.477171,3457500
11/27/2015,31.190001,31.49,31.030001,31.389999,30.73172,2174900
11/30/2015,31.42,31.860001,31.389999,31.719999,31.054798,8181100
12/1/2015,32,32.779999,31.969999,32.75,32.063198,10237400
12/2/2015,32.799999,33.139999,32.43,32.5,31.818443,7356000
12/3/2015,32.759998,33.099998,32.27,32.43,31.749903,6166400
12/4/2015,32.43,33.810001,32.43,33.75,33.042225,11468900
12/7/2015,33.740002,33.740002,33.009998,33.110001,32.415642,8339700
12/8/2015,32.700001,33.700001,32.490002,33.560001,32.856205,7862200
12/9/2015,33.549999,33.75,32.369999,32.709999,32.02404,9316900
12/10/2015,32.810001,33.16,32.700001,32.98,32.288372,5914900
12/11/2015,32.650002,32.880001,32.419998,32.490002,31.808651,5683000
12/14/2015,32.52,32.75,32.18,32.57,31.886969,6897300
12/15/2015,32.939999,33.200001,32.759998,32.970001,32.278587,7682400
12/16/2015,33.040001,33.279999,32.75,33.169998,32.474384,5908900
12/17/2015,33.220001,33.560001,32.650002,32.669998,31.984875,6354000
12/18/2015,32.439999,32.77,32.099998,32.139999,31.46599,9897400
12/21/2015,32.490002,32.93,32.200001,32.900002,32.210056,7105400
12/22/2015,33,33.259998,32.73,32.93,32.239422,3250300
12/23/2015,32.98,33.189999,32.919998,33.060001,32.366699,3063100
12/24/2015,32.959999,33.25,32.91,33.169998,32.474384,1311200
12/28/2015,32.82,33.139999,32.360001,33.139999,32.445023,3550600
12/29/2015,33.16,33.779999,33.07,33.68,32.97369,5091500
12/30/2015,33.650002,33.939999,33.380001,33.389999,32.689781,4508600
12/31/2015,33.34,33.490002,32.959999,32.959999,32.268795,3713200
1/4/2016,32.290001,32.580002,32.040001,32.369999,31.691172,8951900
1/5/2016,32.98,33.439999,32.5,32.889999,32.200256,12256800
1/6/2016,32.349998,32.5,31.16,31.530001,30.86878,11233600
1/7/2016,30.74,30.950001,29.879999,30.280001,29.644997,16132600
1/8/2016,30.67,30.700001,29.57,29.629999,29.008627,9961800
1/11/2016,29.66,29.889999,29.15,29.68,29.057583,10234300
1/12/2016,30.209999,30.620001,29.969999,30.18,29.547094,11733900
1/13/2016,30.41,30.610001,29.23,29.26,28.646387,12041800
1/14/2016,28.66,29,27.82,28.67,28.06876,15005900
1/15/2016,27.52,27.85,26.639999,27.110001,26.541479,21036300
1/19/2016,27.67,28.450001,27.219999,27.33,26.756859,11428500
1/20/2016,26.809999,27.83,26.450001,27.48,26.903717,12029500
1/21/2016,27.780001,28.23,27.209999,27.799999,27.217003,12036400
1/22/2016,28.33,28.639999,28.27,28.450001,27.853378,6449900
1/25/2016,28.440001,28.77,28.360001,28.42,27.824003,6768200
1/26/2016,28.48,28.82,28.190001,28.700001,28.098133,5698600
1/27/2016,28.66,28.75,27.82,28.360001,27.765261,5792500
1/28/2016,28.59,28.690001,27.5,28.049999,27.46176,6919400
1/29/2016,28.290001,29.35,28.18,29.290001,28.675756,7762600
2/1/2016,29.26,29.450001,29.01,29.299999,28.685545,7247100
2/2/2016,29,29.15,27.860001,28.059999,27.471554,8547700
2/3/2016,28.280001,28.450001,27.549999,28.200001,27.608616,8169300
2/4/2016,28.24,28.85,27.93,28.209999,27.618404,8703500
2/5/2016,28.02,28.33,26.35,26.43,25.875734,15010700
2/8/2016,26.030001,26.16,24.85,25.219999,24.691109,15221300
2/9/2016,24.92,26.549999,24.799999,25.49,24.955446,10634300
2/10/2016,25.65,26.389999,25.290001,25.43,24.896704,8395000
2/11/2016,24.780001,25.559999,24.780001,25.299999,24.769432,8503600
2/12/2016,25.700001,25.780001,24.75,25.73,25.190413,8520400
2/16/2016,26.1,27.030001,26.02,26.99,26.423992,12133800
2/17/2016,27.33,27.92,27.219999,27.66,27.079939,19286700
2/18/2016,29.93,30.98,29.9,30.040001,29.41003,26716500
2/19/2016,29.879999,30.709999,29.65,30.440001,29.801636,13140700
2/22/2016,30.879999,31.870001,30.82,31.52,30.858992,11241700
2/23/2016,31.27,31.9,31.120001,31.6,30.937313,9234500
2/24/2016,31.469999,31.870001,30.6,31.82,31.152699,8421300
2/25/2016,31.940001,32.049999,31.32,31.889999,31.221233,8740400
2/26/2016,32.040001,32.119999,31.360001,31.68,31.015638,9049100
2/29/2016,31.610001,32.02,31.34,31.360001,30.814205,8083600
3/1/2016,31.440001,32.75,31.389999,32.75,32.180012,8717500
3/2/2016,32.57,33.060001,32.509998,32.939999,32.366711,5845300
3/3/2016,32.900002,33.040001,32.209999,32.650002,32.081753,7550100
3/4/2016,32.900002,32.93,32.299999,32.549999,31.983496,4382600
3/7/2016,32.369999,32.59,31.92,32.34,31.777143,5999200
3/8/2016,32.009998,32.200001,31.65,31.75,31.197414,6873500
3/9/2016,32.029999,32.080002,31.32,31.73,31.177761,5569700
3/10/2016,31.92,32.099998,31.040001,31.68,31.128637,7152100
3/11/2016,32.150002,32.23,31.77,32.220001,31.659233,6935000
3/14/2016,32.07,32.43,31.92,32.299999,31.737843,4757800
3/15/2016,32.130001,32.34,31.57,32.139999,31.580629,5655400
3/16/2016,31.9,33.209999,31.75,33.099998,32.523914,9091100
3/17/2016,32.98,33.139999,32.369999,32.82,32.248795,8842000
3/18/2016,33.209999,34.25,33,33.810001,33.221569,13637800
3/21/2016,33.509998,33.919998,33.150002,33.91,33.319817,8444500
3/22/2016,33.799999,34.09,33.43,33.849998,33.26086,6050300
3/23/2016,34,34.68,33.849998,34.43,33.830769,10725200
3/24/2016,34.119999,34.540001,34.009998,34.48,33.879902,6123900
3/28/2016,34.419998,34.98,34.380001,34.830002,34.22382,6634700
3/29/2016,34.68,35.470001,34.599998,35.389999,34.774063,6545300
3/30/2016,35.52,36.25,35.5,35.759998,35.137619,9417500
3/31/2016,35.919998,36,35.349998,35.630001,35.009884,9497100
4/1/2016,35.41,36.169998,35.139999,36.150002,35.520844,8707300
4/4/2016,36.450001,36.639999,35.66,35.799999,35.176926,9848500
4/5/2016,35.48,36.080002,35.34,35.75,35.127796,8489200
4/6/2016,35.299999,35.82,34.630001,35.799999,35.176926,11334400
4/7/2016,35.57,35.889999,35.279999,35.43,34.813374,9452600
4/8/2016,35.720001,35.950001,35.310001,35.66,35.03936,6398400
4/11/2016,35.869999,36.470001,35.759998,35.880001,35.255531,9688100
4/12/2016,36,36.049999,35.139999,35.84,35.216232,7319100
4/13/2016,36,36.75,36,36.740002,36.100567,8767900
4/14/2016,36.639999,37,36.490002,36.84,36.19883,10414100
4/15/2016,36.830002,37.459999,36.709999,37.130001,36.48378,10924300
4/18/2016,37.060001,37.060001,36.610001,36.970001,36.326569,7683000
4/19/2016,37.110001,37.18,36.080002,36.310001,35.678055,7728800
4/20/2016,36.25,36.669998,36.209999,36.450001,35.815617,5004300
4/21/2016,36.459999,36.630001,36.25,36.41,35.776302,4457000
4/22/2016,36.529999,36.779999,36.150002,36.27,35.638744,5588500
4/25/2016,36.279999,36.650002,36.18,36.450001,35.815617,4799300
4/26/2016,36.669998,37.09,36.32,36.48,35.845093,5363400
4/27/2016,36.389999,37.330002,36.32,37.310001,36.660648,8809900
4/28/2016,37.080002,37.299999,36.110001,36.200001,35.569977,9530600
4/29/2016,36.049999,36.130001,35.139999,35.529999,34.911625,8047600
5/2/2016,35.869999,36.220001,35.700001,36,35.373451,6401900
5/3/2016,35.59,35.740002,35.259998,35.57,34.950939,5600600
5/4/2016,35.139999,35.169998,34.400002,34.759998,34.155025,13144100
5/5/2016,35.049999,35.380001,34.709999,34.970001,34.361382,6172100
5/6/2016,34.91,35.419998,34.84,35.330002,34.715115,4581000
5/9/2016,35.419998,35.57,34.990002,35.279999,34.665981,8333400
5/10/2016,35.5,36.02,35.16,35.959999,35.334141,6741900
5/11/2016,36.07,36.459999,35.869999,36.060001,35.432404,8204400
5/12/2016,36.32,36.48,34.93,35.57,34.950939,16763500
5/13/2016,39.189999,41,39,40.98,40.266777,52756400
5/16/2016,40.669998,42.799999,40.540001,42.189999,41.455711,24325800
5/17/2016,42,42.580002,41.459999,42.279999,41.544147,15709800
5/18/2016,42,43.849998,42,43.360001,42.60535,13526800
5/19/2016,43.189999,43.860001,43.130001,43.549999,42.792049,9972000
5/20/2016,43.82,44.509998,43.75,44.330002,43.558468,9777100
5/23/2016,44.52,44.689999,44.130001,44.400002,43.627251,10340900
5/24/2016,44.419998,45.5,44.299999,45.360001,44.686291,10394700
5/25/2016,45.5,45.689999,44.810001,45.169998,44.4991,11451900
5/26/2016,45.25,45.98,45.119999,45.650002,44.971973,7749100
5/27/2016,45.700001,45.970001,45.549999,45.900002,45.218262,6935400
5/31/2016,46.099998,46.82,46.07,46.720001,46.026085,10313100
6/1/2016,46.5,47.259998,46.360001,46.810001,46.114746,9678300
6/2/2016,47.060001,47.540001,46.599998,47.139999,46.43985,8230200
6/3/2016,46.68,46.740002,45.66,46.48,45.789646,11526900
6/6/2016,46.599998,46.959999,46,46.240002,45.553219,8062800
6/7/2016,46.52,46.779999,46.310001,46.330002,45.64188,4835000
6/8/2016,46.34,46.509998,45.799999,46.18,45.494099,5865400
6/9/2016,46.02,47.450001,45.919998,47.380001,46.676285,11804200
6/10/2016,46.82,47.240002,46.139999,46.200001,45.513802,10000600
6/13/2016,46.25,47.700001,46.25,46.790001,46.095058,11889700
6/14/2016,46.68,47.099998,46.16,46.880001,46.183708,7458600
6/15/2016,47.27,47.77,46.75,47.360001,46.656578,7525900
6/16/2016,47.009998,47.630001,46.549999,47.549999,46.843754,6161400
6/17/2016,47.610001,47.619999,46.529999,46.720001,46.026085,11775000
6/20/2016,47.470001,48.169998,47.439999,47.560001,46.853619,7344200
6/21/2016,47.759998,47.889999,47.200001,47.27,46.567921,5312700
6/22/2016,47.369999,47.68,47.150002,47.23,46.528507,5065500
6/23/2016,47.68,48.540001,47.650002,48.490002,47.769802,7447000
6/24/2016,46.5,47.360001,45.299999,45.73,45.050781,25442100
6/27/2016,45.349998,45.700001,44.57,45.240002,44.568066,11227200
6/28/2016,46.099998,46.150002,45.27,45.900002,45.218262,9548000
6/29/2016,46.299999,47.009998,46.18,46.650002,45.957123,7973300
6/30/2016,46.73,47.299999,46.349998,47.009998,46.311787,10773500
7/1/2016,46.75,47.360001,46.5,46.66,45.966969,5462200
7/5/2016,46.400002,47.43,46.029999,47.349998,46.646725,9277100
7/6/2016,47.02,47.93,46.779999,47.650002,46.942276,6827600
7/7/2016,47.970001,49.060001,47.75,48.889999,48.163857,9885000
7/8/2016,49.41,51.09,49.220001,50.849998,50.094742,12048300
7/11/2016,51.580002,52.400002,51.52,52.02,51.247368,11219400
7/12/2016,52.599998,53.279999,51.939999,52.799999,52.015778,10919000
7/13/2016,52.900002,53.200001,52.700001,52.779999,51.996086,8115100
7/14/2016,53.060001,53.799999,52.619999,53.32,52.528057,7922300
7/15/2016,52.639999,52.939999,51.84,52.700001,51.917267,10715400
7/18/2016,53.349998,53.43,52.77,52.970001,52.183254,6324800
7/19/2016,52.939999,53.73,52.84,53.52,52.72509,9566300
7/20/2016,53.700001,54.509998,53.48,54.220001,53.414688,7411500
7/21/2016,54.099998,54.27,53.040001,53.220001,52.429546,9032700
7/22/2016,53.41,54.669998,53.02,54.669998,53.858009,7894200
7/25/2016,55,55.810001,54.759998,55.68,54.853004,7813200
7/26/2016,56.169998,56.919998,56.09,56.630001,55.788898,12862700
7/27/2016,57.119999,57.220001,55.720001,56.060001,55.227364,11166900
7/28/2016,56.189999,56.599998,56.009998,56.18,55.345585,5547900
7/29/2016,56.389999,57.25,55.380001,57.099998,56.251907,10239700
8/1/2016,57.34,57.549999,56.360001,56.73,55.887409,7528000
8/2/2016,57,57.029999,55.5,56.040001,55.207649,7068700
8/3/2016,55.970001,56.299999,55.66,56.189999,55.355427,7495700
8/4/2016,56.459999,57.490002,56.349998,57.23,56.379982,6817800
8/5/2016,57.889999,58.23,57.610001,58.200001,57.335575,9289700
8/8/2016,59,59.139999,58.119999,58.740002,57.867558,7626600
8/9/2016,59.029999,59.459999,58.740002,58.889999,58.015331,9308600
8/10/2016,59.41,59.5,58.32,58.509998,57.640968,9393500
8/11/2016,58.82,59.950001,58.700001,59.700001,58.813301,17026600
8/12/2016,61.900002,63.380001,60.630001,63.040001,62.103687,35643600
8/15/2016,63.110001,63.5,62.130001,62.98,62.044579,14332600
8/16/2016,62.889999,62.990002,62.41,62.599998,61.670223,7191300
8/17/2016,62.599998,62.740002,60.66,61.150002,60.24176,14880300
8/18/2016,61.060001,62.200001,60.82,62.099998,61.177647,8292100
8/19/2016,62.07,62.73,61.799999,62.259998,61.33527,7289000
8/22/2016,62.450001,62.610001,61.709999,62.52,61.591412,6118700
8/23/2016,63.040001,63.32,62.73,62.91,62.089828,8494100
8/24/2016,63.130001,63.16,61.650002,61.939999,61.132477,7461200
8/25/2016,61.959999,61.990002,60.759998,61.529999,60.727821,10150800
8/26/2016,61.689999,62.380001,61.200001,62.029999,61.221298,7500600
8/29/2016,62.279999,62.529999,61.889999,61.990002,61.181831,6866300
8/30/2016,61.91,62.240002,61.459999,61.630001,60.826511,7138600
8/31/2016,61.75,61.919998,61.16,61.34,60.540291,9713600
9/1/2016,61.389999,63.380001,61.34,63.150002,62.326698,10712300
9/2/2016,63.279999,63.349998,61.82,62.529999,61.714783,8078700
9/6/2016,62.75,63.119999,62.43,63.119999,62.297089,7670300
9/7/2016,62.919998,63.23,61.830002,62.189999,61.379204,9949700
9/8/2016,62.130001,62.740002,61.419998,62.639999,61.823345,7895200
9/9/2016,61.950001,62.299999,59,59.52,58.744026,17444000
9/12/2016,58.73,60.869999,57.32,60.75,59.957989,14956500
9/13/2016,60.599998,61.299999,59.529999,59.869999,59.089458,11794200
9/14/2016,60.009998,60.599998,59.509998,60.400002,59.612545,7976200
9/15/2016,60.5,62.759998,60.360001,62.689999,61.872696,12880300
9/16/2016,62.91,63.25,62.119999,62.84,62.020741,22561100
9/19/2016,63.5,65.260002,63.209999,63.669998,62.839916,10428200
9/20/2016,64.400002,64.400002,62.740002,63.09,62.267483,8277800
9/21/2016,63.279999,64.980003,63.27,64.860001,64.014389,8405300
9/22/2016,65.239998,65.440002,64.650002,65.019997,64.172318,7718300
9/23/2016,65.099998,65.290001,64.660004,64.949997,64.103233,6903300
9/26/2016,64.209999,64.599998,63.529999,64.339996,63.501183,5751000
9/27/2016,64.089996,66.639999,64.059998,66.540001,65.672493,10068800
9/28/2016,66.639999,66.830002,65.93,66.779999,65.909378,7994700
9/29/2016,66.669998,67.610001,66.050003,67.400002,66.521309,8417100
9/30/2016,67.769997,69.190002,67.370003,68.519997,67.626686,10748300
10/3/2016,68.519997,69.510002,68.330002,68.449997,67.557602,6064900
10/4/2016,68.550003,69.699997,67.790001,68.300003,67.409569,7040600
10/5/2016,68.879997,69.580002,68.019997,68.230003,67.340469,7636000
10/6/2016,67.410004,67.830002,66.260002,67.339996,66.462067,9005300
10/7/2016,67.790001,67.970001,66.660004,66.849998,65.978462,7156500
10/10/2016,67.199997,67.559998,66.470001,67.099998,66.225197,7196900
10/11/2016,66.879997,66.980003,65.620003,66.129997,65.267845,9713500
10/12/2016,65.860001,66.779999,65.309998,66.43,65.563934,10498000
10/13/2016,65.650002,65.800003,63.700001,65.349998,64.498016,9752900
10/14/2016,66.150002,66.599998,65.599998,65.989998,65.129669,8265900
10/17/2016,65.980003,66.599998,65.519997,65.610001,64.754623,4883200
10/18/2016,66.519997,66.989998,66.25,66.610001,65.741615,6734300
10/19/2016,66.160004,66.779999,65.82,66.470001,65.603416,4976500
10/20/2016,67.25,67.949997,66.300003,67.730003,66.846977,7802100
10/21/2016,67.489998,67.660004,66.900002,67.540001,66.659477,6987700
10/24/2016,68,70.790001,67.989998,70.709999,69.788132,8495900
10/25/2016,70.589996,72.300003,70.25,71.870003,70.933044,9936500
10/26/2016,71.269997,72.949997,71.199997,72.160004,71.219254,8344800
10/27/2016,72.709999,72.849998,70.389999,70.68,69.758522,9716600
10/28/2016,71.019997,72.099998,70.43,70.559998,69.640099,7271400
10/31/2016,70.790001,71.629997,70.75,71.160004,70.232277,6309700
11/1/2016,71.419998,71.809998,68.290001,69.050003,68.149788,11830600
11/2/2016,69.580002,70.519997,68.639999,68.760002,67.863579,7396200
11/3/2016,69.080002,69.139999,66.639999,67.959999,67.07399,7741600
11/4/2016,67.510002,68.730003,66.580002,67.57,66.689087,8219500
11/7/2016,69.550003,71.720001,69.5,71.269997,70.340828,12189500
11/8/2016,71.540001,71.769997,70.5,71.160004,70.232277,10747100
11/9/2016,69.230003,70.900002,68.720001,69.959999,69.04792,11413300
11/10/2016,71.489998,71.5,66.760002,67.769997,66.886467,21732000
11/11/2016,79.510002,88.769997,78.5,87.970001,86.823128,54383600
11/14/2016,88.089996,88.190002,83.620003,83.639999,82.549561,33719900
11/15/2016,84.290001,87.449997,83.93,86.190002,85.066322,15652300
11/16/2016,87.339996,92.559998,86.349998,91.629997,90.435387,24699600
11/17/2016,92.309998,94.790001,90.650002,92.389999,91.185493,20824700
11/18/2016,92.389999,94.330002,91.800003,93.360001,92.142845,14401500
11/21/2016,94.089996,94.349998,92.400002,92.980003,91.767799,10910900
11/22/2016,93.300003,93.739998,92.379997,93.650002,92.429054,8259200
11/23/2016,93.720001,95.25,92.769997,93.970001,92.883728,11080900
11/25/2016,94.419998,95.099998,93.410004,94.160004,93.071571,4889100
11/28/2016,93.870003,94.739998,93.599998,94.110001,93.022125,6968400
11/29/2016,94,94.440002,92.529999,93.25,92.172066,11114200
11/30/2016,93.599998,94.160004,92.099998,92.199997,91.134201,11012500
12/1/2016,92.099998,92.169998,84.769997,87.639999,86.62693,25888100
12/2/2016,86.25,88.800003,85.120003,88.449997,87.427551,11957300
12/5/2016,89.989998,92.610001,89,91.879997,90.817902,15057100
12/6/2016,92.209999,93.730003,91.57,93.389999,92.310448,12469900
12/7/2016,92.839996,95.300003,92.099998,95.07,93.971046,12020100
12/8/2016,95.190002,96.620003,93.050003,93.480003,92.399422,9538600
12/9/2016,94.199997,94.269997,90.709999,91.82,90.758614,9557800
12/12/2016,89.849998,89.949997,87.540001,89.589996,88.55439,15033300
12/13/2016,90.089996,92.290001,90.050003,91.169998,90.116112,9694900
12/14/2016,92.540001,97.110001,91.57,96.449997,95.335075,24599500
12/15/2016,96.900002,99.940002,96.599998,98.709999,97.568962,18663700
12/16/2016,99.830002,100.699997,97.730003,100.410004,99.249313,27238200
12/19/2016,99.699997,102.449997,99,101.629997,100.455208,18616400
12/20/2016,104.580002,106.129997,104.120003,105.169998,103.954285,21201400
12/21/2016,105.639999,105.949997,103.709999,105.830002,104.606636,14403400
12/22/2016,106.82,108.870003,106.529999,107.110001,105.871857,17965300
12/23/2016,106.379997,109.839996,106.269997,109.779999,108.510994,16192300
12/27/2016,112.059998,117.360001,111.220001,117.32,115.963829,29856800
12/28/2016,119.599998,119.93,108.690002,109.25,107.987129,57394100
12/29/2016,104.900002,111.489998,102.800003,111.43,110.141922,54384200
12/30/2016,111.349998,111.919998,106.300003,106.739998,105.506119,30323300
1/3/2017,104.400002,106.370003,99.379997,102.010002,100.830811,37549900
1/4/2017,103.400002,105.5,101.529999,104.389999,103.183281,29980500
1/5/2017,104.529999,105.82,101.050003,101.739998,100.563942,24607400
1/6/2017,102.849998,104.25,101.199997,103.099998,101.908211,20571400
1/9/2017,103.5,108,103.5,107.279999,106.039902,22906200
1/10/2017,107.809998,109.190002,105.629997,106.470001,105.23925,22023000
1/11/2017,106,106.199997,104.150002,105.160004,103.944382,13141600
1/12/2017,104.230003,104.699997,101.620003,103.440002,102.244286,15640400
1/13/2017,103.599998,105,103.059998,103.43,102.234398,11445500
1/17/2017,103,103.199997,100.57,101.110001,99.941216,14515300
1/18/2017,100.239998,103.230003,99.110001,102.949997,101.759933,16360600
1/19/2017,103.07,106.459999,102.980003,105.160004,103.944382,16121800
1/20/2017,106.080002,106.800003,103.120003,104.010002,102.807693,12300600
1/23/2017,103.800003,105.900002,103.699997,105.089996,103.875206,9247600
1/24/2017,105.5,107.580002,104.900002,107.330002,106.089302,10701300
1/25/2017,109.050003,109.300003,106.330002,107.790001,106.543991,13069000
1/26/2017,107.900002,109.949997,106.699997,109.650002,108.382492,11470000
1/27/2017,109.93,111.889999,108.849998,111.769997,110.477974,11799900
1/30/2017,110.919998,111.010002,107.910004,110.019997,108.748215,12400100
1/31/2017,108.949997,110.050003,108.199997,109.18,107.917931,9068900
2/1/2017,110.580002,114.120003,109.860001,113.949997,112.63279,14750100
2/2/2017,113.300003,115.739998,112.059998,115.389999,114.056129,12081000
2/3/2017,115.449997,115.900002,113.900002,114.379997,113.0578,9318600
2/6/2017,114,117.330002,114,117.309998,115.953941,12669200
2/7/2017,118.699997,120.919998,117.900002,119.129997,117.752907,18655600
2/8/2017,118.400002,119.309998,116.379997,118.610001,117.238907,11239500
2/9/2017,118.860001,119.059998,115.599998,116.379997,115.034698,21064200
2/10/2017,119.93,120.699997,112.599998,113.620003,112.306602,41277300
2/13/2017,113.389999,113.980003,108.199997,108.379997,107.127167,29518100
2/14/2017,107.989998,110.150002,106.290001,108.779999,107.522537,21265800
2/15/2017,108.900002,109.800003,107.760002,109,107.739998,9325500
2/16/2017,109.389999,109.440002,105.660004,107.25,106.010246,16179400
2/17/2017,106.699997,107.410004,104.790001,107.230003,105.990479,14093500
2/21/2017,108.230003,111.230003,108.220001,111.07,109.786079,13798800
2/22/2017,111.419998,111.800003,109.989998,110.760002,109.617828,10844300
2/23/2017,105.5,106.389999,99.68,100.489998,99.453728,39822200
2/24/2017,97.07,102,95.699997,101.459999,100.413734,25747600
2/27/2017,102.199997,105.019997,101.559998,104.410004,103.333305,17885000
2/28/2017,104.800003,105.199997,100.779999,101.480003,100.433533,15634000
3/1/2017,103.790001,104.370003,101.110001,102.790001,101.730019,12620100
3/2/2017,102.269997,102.839996,98.889999,99,97.979095,18858300
3/3/2017,98.57,98.769997,96.220001,98.43,97.414978,21617300
3/6/2017,96.959999,98.099998,95.169998,97.669998,96.662796,22089200
3/7/2017,97.669998,99.529999,97.150002,98.739998,97.721786,15085000
3/8/2017,100.699997,101.300003,98.470001,98.559998,97.543633,15967800
3/9/2017,97.910004,99.449997,97.400002,98.540001,97.523827,11951500
3/10/2017,99.610001,100.089996,98.379997,99.120003,98.097878,12493500
3/13/2017,99.540001,102.25,99.510002,101.849998,100.799721,19353400
3/14/2017,102.370003,102.75,100.470001,101.779999,100.730423,13050400
3/15/2017,102.25,102.989998,100.32,102.550003,101.4925,15375900
3/16/2017,102.980003,103.830002,102.410004,103.809998,102.739494,13077500
3/17/2017,104.519997,106.120003,103.809998,106.07,104.976181,27992200
3/20/2017,106.779999,109.610001,106.129997,109.449997,108.321342,18714200
3/21/2017,108.75,109.959999,105.589996,105.910004,104.817856,22837100
3/22/2017,105.459999,108.260002,105.300003,108.07,106.955574,15419100
3/23/2017,107.75,108.559998,106.699997,107.089996,105.985687,13348500
3/24/2017,108.970001,109.290001,106.419998,107.470001,106.361755,10987500
3/27/2017,105.580002,108.410004,103.580002,108.25,107.13372,12666100
3/28/2017,108.300003,108.889999,107.269997,107.690002,106.579498,10811100
3/29/2017,107.989998,108.489998,107.25,107.339996,106.233101,8749800
3/30/2017,107.629997,110,107.400002,109.400002,108.271881,13138300
3/31/2017,109.010002,109.889999,108.400002,108.93,107.806709,11020200
4/3/2017,108.949997,109.650002,107.419998,108.379997,107.26236,11130800
4/4/2017,103.400002,104.419998,100.339996,100.779999,99.740738,31782000
4/5/2017,100.019997,102.370003,99.5,100.029999,98.998482,18676200
4/6/2017,100.239998,101.25,98.410004,100.760002,99.72097,15878000
4/7/2017,101.019997,101.730003,99.720001,100.330002,99.295387,10726700
4/10/2017,100.360001,100.629997,97.599998,97.769997,96.761787,18908300
4/11/2017,96.550003,98.900002,96.349998,98.120003,97.10817,15453700
4/12/2017,98.120003,98.699997,97.099998,97.309998,96.306526,10352300
4/13/2017,96.330002,97.209999,95.489998,95.489998,94.50531,12672300
4/17/2017,96.010002,99.239998,95.800003,99.230003,98.206741,12432300
4/18/2017,98.650002,99.540001,97.599998,99.290001,98.266113,9252900
4/19/2017,100,100.980003,99.410004,99.68,98.652092,9520700
4/20/2017,100.269997,101.449997,99.410004,101.260002,100.21579,10100400
4/21/2017,100.839996,101.790001,100.360001,101.68,100.631462,8547400
4/24/2017,102.959999,103.480003,102.110001,102.949997,101.888351,9295500
4/25/2017,103.540001,105.330002,102.669998,104.739998,103.659897,9711000
4/26/2017,105.290001,105.389999,103.940002,104.019997,102.947342,8175100
4/27/2017,104.32,105.980003,103.589996,105.639999,104.550621,7992500
4/28/2017,105.360001,105.639999,104.07,104.300003,103.224449,8706200
5/1/2017,104.739998,106.849998,104.449997,106.639999,105.540306,7693300
5/2/2017,105.550003,105.599998,102.559998,103.480003,102.412903,15749300
5/3/2017,103.199997,104.639999,102.599998,104.25,103.174942,8422600
5/4/2017,104.5,104.949997,103.529999,103.849998,102.779083,5244700
5/5/2017,103.379997,104.150002,102.75,103.860001,102.788994,5710700
5/8/2017,104.339996,104.400002,102.309998,102.769997,101.710213,9131000
5/9/2017,103,104.93,102.660004,102.940002,101.878479,21191800
5/10/2017,114.290001,121.82,114.019997,121.290001,120.039246,53227400
5/11/2017,120.050003,130.429993,119.910004,126.5,125.195518,48494800
5/12/2017,126.629997,129.600006,125.779999,127.889999,126.571182,24065500
5/15/2017,129.559998,134.410004,129.380005,134.309998,132.925003,27188500
5/16/2017,136.380005,137.440002,133.360001,136.809998,135.399185,28017500
5/17/2017,134.100006,134.860001,127.550003,127.720001,126.402962,31784200
5/18/2017,129.5,133.429993,127.050003,133.070007,131.697784,28900800
5/19/2017,137.029999,138.220001,135.220001,136,134.739288,25459300
5/22/2017,137.770004,139.479996,137.330002,138.899994,137.612427,20915200
5/23/2017,139.699997,139.789993,135.710007,137.029999,135.75975,17031200
5/24/2017,140.960007,141.070007,138.080002,138.570007,137.285477,20399900
5/25/2017,140,140.029999,136.440002,138.259995,136.978363,15205700
5/26/2017,137.929993,145.279999,137.110001,141.839996,140.525177,19478500
5/30/2017,143.699997,146.289993,143.050003,144.869995,143.527084,24741300
5/31/2017,146.690002,147,142.050003,144.350006,143.011917,22182900
6/1/2017,144.990005,145.029999,142.520004,144.360001,143.02182,12583500
6/2/2017,144.240005,145.300003,143.399994,143.639999,142.308502,12186400
6/5/2017,142.979996,148.529999,142.509995,148.009995,146.63797,20434400
6/6/2017,147.820007,149.690002,146.800003,147.339996,145.974213,18968200
6/7/2017,148.330002,149.880005,147.699997,149.119995,147.737686,15315300
6/8/2017,153.460007,160,151.789993,159.940002,158.457413,29043600
6/9/2017,164.740005,168.5,142.75,149.600006,148.213226,92323200
6/12/2017,145.880005,151.699997,142.110001,149.970001,148.579788,42438300
6/13/2017,154.399994,154.770004,145.649994,151.399994,149.996552,41812600
6/14/2017,151.520004,154.059998,148.5,151.720001,150.313583,29616000
6/15/2017,146.960007,153.600006,146.5,152.369995,150.957565,24095600
6/16/2017,152.759995,154.699997,150.240005,151.619995,150.214523,23124000
6/19/2017,153.410004,157.529999,153.259995,157.320007,155.861679,19454400
6/20/2017,159.029999,161.740005,156.919998,157.089996,155.633789,27386100
6/21/2017,158.210007,159.619995,155.699997,159.470001,157.99176,17066300
6/22/2017,159.800003,160.339996,157.399994,158.369995,156.901947,11728300
6/23/2017,158.679993,159.320007,153.220001,153.830002,152.404037,27214700
6/26/2017,155.160004,156.600006,148.330002,152.149994,150.739578,26599000
6/27/2017,151.440002,151.789993,146.350006,146.580002,145.221252,24987300
6/28/2017,149.320007,151.940002,145.75,151.75,150.343323,24873700
6/29/2017,150.600006,150.720001,144.080002,146.679993,145.320282,26610600
6/30/2017,147.380005,147.929993,143.5,144.559998,143.219986,18276500
7/3/2017,145.050003,145.649994,138.580002,139.330002,138.038422,17726800
7/5/2017,141.899994,144.220001,141.130005,143.050003,141.723969,20504700
7/6/2017,141.869995,145.380005,139.759995,143.479996,142.149979,18657100
7/7/2017,145.779999,147.5,144.850006,146.759995,145.399551,16374300
7/10/2017,149.740005,154,148.679993,153.699997,152.275253,23962300
7/11/2017,153.850006,156.190002,152.149994,155.880005,154.435028,18948900
7/12/2017,158.300003,163,156.559998,162.509995,161.003555,28630200
7/13/2017,163,166.300003,158.75,160.630005,159.140991,34228300
7/14/2017,161.289993,165.009995,161.009995,164.949997,163.420929,23548700
7/17/2017,166.330002,167.5,161.75,164.25,162.727417,23269800
7/18/2017,161.779999,166.550003,161.300003,165.960007,164.421616,19416000
7/19/2017,166.330002,167.399994,164.610001,165.100006,163.56958,17176100
7/20/2017,165.929993,167.509995,163.910004,167.5,165.947311,17489900
7/21/2017,166.669998,169.300003,166.089996,168.100006,166.541748,16208300
7/24/2017,168.389999,168.779999,165.720001,166.149994,164.609802,16313100
7/25/2017,165.220001,165.929993,163.580002,165.350006,163.817276,12413900
7/26/2017,167.679993,169.929993,165.850006,167.259995,165.709534,16010100
7/27/2017,168.270004,168.740005,157.559998,161.740005,160.240723,19571400
7/28/2017,160.289993,165.380005,159.279999,164.389999,162.866119,12833700
7/31/2017,164.940002,166.399994,160.619995,162.509995,161.003555,13991800
8/1/2017,162.130005,164.559998,161,164.490005,162.965225,10784600
8/2/2017,165.75,165.910004,161.270004,164.389999,162.866119,11961100
8/3/2017,164.369995,166.630005,163.679993,166.479996,164.936783,11060500
8/4/2017,167.399994,170.070007,166.479996,167.210007,165.659988,14727400
8/7/2017,168.389999,172.369995,168,172.350006,170.752365,17935300
8/8/2017,173.889999,174.559998,168.710007,170.300003,168.721359,18883400
8/9/2017,168.429993,172.210007,167.669998,172.110001,170.514557,13269600
8/10/2017,172.160004,172.660004,164.330002,164.740005,163.212906,33202200
8/11/2017,157.139999,159,152.910004,155.960007,154.514297,37429900
8/14/2017,159.669998,168.550003,159.199997,168.399994,166.838959,31975500
8/15/2017,168.610001,169.669998,165.589996,166.979996,165.432114,19113300
8/16/2017,167.589996,168.539993,163.839996,165.149994,163.619095,14915800
8/17/2017,164.809998,165.5,161.380005,161.470001,159.973206,13136100
8/18/2017,163.669998,164.360001,159.639999,161.5,160.002914,15030100
8/21/2017,162.490005,162.949997,157.369995,159.149994,157.674728,15591800
8/22/2017,160.490005,162.789993,159.710007,162.550003,161.184998,11261400
8/23/2017,161.199997,166.25,160.850006,165.800003,164.407715,14488000
8/24/2017,167.100006,167.279999,164.119995,165.190002,163.802826,11742500
8/25/2017,166.169998,166.580002,163.550003,163.809998,162.434387,8930000
8/28/2017,164.580002,165.100006,162.330002,164.970001,163.584656,9737400
8/29/2017,162.589996,165.580002,162.259995,164.699997,163.31691,8102400
8/30/2017,165.5,166.130005,164.270004,165.679993,164.288696,9610000
8/31/2017,166.5,169.600006,166.199997,169.440002,168.017136,15317100
9/1/2017,169.949997,171.899994,169.600006,170.460007,169.02858,11135800
9/5/2017,168.380005,168.580002,163.559998,165.910004,164.516785,17384100
9/6/2017,167.240005,167.800003,164.399994,165.809998,164.417633,9941800
9/7/2017,166.490005,167.889999,164.949997,166.580002,165.181152,8821700
9/8/2017,166.110001,166.710007,162.710007,163.690002,162.315399,12471400
9/11/2017,165.539993,169.429993,165.320007,169,167.580841,14186100
9/12/2017,170,170,166.970001,169.610001,168.185684,10287200
9/13/2017,168.589996,171.539993,167.279999,170.369995,168.939285,14524000
9/14/2017,168.789993,172.559998,167.800003,169.399994,167.977478,12842800
9/15/2017,172.860001,180.110001,172.649994,180.110001,178.597504,34119800
9/18/2017,185.139999,191.199997,184.860001,187.550003,185.975052,42111500
9/19/2017,185.509995,189.850006,184.619995,187.350006,185.776733,21857000
9/20/2017,187.5,189.419998,184.210007,185.839996,184.279434,18123000
9/21/2017,181.639999,182.699997,177.610001,180.759995,179.242065,26890000
9/22/2017,180.300003,182.309998,178.600006,179,177.496826,12280800
9/25/2017,177.75,177.800003,170.160004,171,169.564041,21864500
9/26/2017,176.449997,178.679993,170.350006,171.960007,170.515976,28140500
9/27/2017,175.619995,176.270004,172.75,175.729996,174.254288,17843000
9/28/2017,176.020004,176.179993,173.759995,175.679993,174.204727,10881100
9/29/2017,179.080002,179.729996,177.25,178.770004,177.268784,15477300
10/2/2017,180.800003,181.979996,177,179,177.496826,12587000
10/3/2017,179.25,180.580002,177.580002,179.369995,177.863739,9758300
10/4/2017,179.619995,181.770004,178.139999,180.869995,179.351135,10696200
10/5/2017,181.860001,182,179.559998,180.770004,179.251968,10934100
10/6/2017,179.649994,181.839996,179,181.300003,179.777527,7970000
10/9/2017,182.789993,186.729996,182.029999,185.389999,183.833176,14087300
10/10/2017,191.429993,192.949997,187.259995,188.929993,187.34346,24371900
10/11/2017,189.600006,191,187.740005,190.940002,189.336563,13237700
10/12/2017,191.080002,193.089996,189.929993,191.029999,189.425797,13207300
10/13/2017,193.550003,195,191.649994,194.589996,192.955902,15718200
10/16/2017,195.800003,198.050003,193.240005,197.929993,196.267883,14416000
10/17/2017,197.089996,198.899994,196.350006,197.75,196.089386,11964900
10/18/2017,198.110001,198.139999,193.320007,197.580002,195.920792,14182900
10/19/2017,194.440002,198,192.449997,197.800003,196.138962,14269300
10/20/2017,198.490005,199.589996,196.539993,196.899994,195.246521,11290500
10/23/2017,197.779999,198.850006,195.800003,196.619995,194.968887,10717400
10/24/2017,196.990005,198.75,195.940002,198.679993,197.011581,10181100
10/25/2017,197.080002,199.220001,191.169998,193.660004,192.033752,20704000
10/26/2017,194.779999,196.160004,193.809998,195.690002,194.046692,8068600
10/27/2017,197.800003,201.869995,196.75,201.860001,200.164871,14304800
10/30/2017,201.860001,206.089996,201.220001,203.839996,202.12825,12601400
10/31/2017,205.130005,207.889999,204.899994,206.809998,205.073303,10297700
11/1/2017,209.350006,209.970001,204.600006,207.199997,205.460022,12564400
11/2/2017,206,207.809998,203.649994,205.940002,204.210617,8557700
11/3/2017,207.199997,208.690002,205.339996,208.690002,206.937515,8841000
11/6/2017,207.199997,209.979996,206.699997,209.630005,207.869644,9748600
11/7/2017,210.550003,212.899994,210.059998,212.029999,210.249435,10692500
11/8/2017,211.850006,212,207.240005,209.160004,207.40358,13074700
11/9/2017,205.270004,206.330002,200.369995,205.320007,203.59584,24464100
11/10/2017,213.080002,218.669998,211.630005,216.139999,214.324966,31331400
11/13/2017,216.139999,217.169998,212.009995,212.630005,210.844467,14559400
11/14/2017,213,214.800003,211.229996,214.179993,212.381439,13232300
11/15/2017,211.949997,212,207.800003,209.979996,208.216675,12548700
11/16/2017,212.979996,214.199997,211.25,211.610001,209.833008,11044200
11/17/2017,213.919998,215.350006,210.75,211.360001,209.585098,12891600
11/20/2017,211.990005,214.570007,210.5,214.080002,212.282257,9902500
11/21/2017,215.690002,216.520004,214.399994,216.050003,214.235733,9979400
11/22/2017,217,217,213.610001,214.929993,213.273193,8916000
11/24/2017,215.589996,217,214.600006,216.960007,215.287537,4518800
11/27/2017,217.309998,217.360001,214.009995,214.139999,212.489304,10572400
11/28/2017,214.350006,214.729996,208.240005,210.710007,209.085754,12818800
11/29/2017,210.009995,210.119995,191.229996,196.419998,194.905899,34919700
11/30/2017,199.199997,202.679993,196.649994,200.710007,199.162842,20594200
12/1/2017,199.309998,200.130005,192.470001,197.679993,196.156174,20288700
12/4/2017,200.050003,200.300003,184.5,186.660004,185.2211,31021100
12/5/2017,182.399994,192.699997,180.580002,187.740005,186.292786,24537200
12/6/2017,185.699997,190.139999,184.839996,189.259995,187.801071,11675800
12/7/2017,191.960007,193.600006,190.119995,191.990005,190.510025,13565000
12/8/2017,194.009995,194.779999,191.149994,191.490005,190.013885,11671900
12/11/2017,192.059998,194.779999,191.419998,194.660004,193.159439,9318700
12/12/2017,192.899994,193.839996,189.889999,190.839996,189.368896,11375400
12/13/2017,192.5,192.550003,185.880005,186.179993,184.744843,13857000
12/14/2017,185.919998,189.339996,184.600006,186.470001,185.032562,10954100
12/15/2017,188.25,192.380005,185.619995,191.559998,190.083359,16750900
12/18/2017,193.199997,198.020004,192,197.899994,196.374481,11942600
12/19/2017,197.520004,197.729996,194.960007,196.110001,194.598267,9327500
12/20/2017,197.699997,198.070007,194.550003,196.800003,195.282944,7220500
12/21/2017,196.940002,197.949997,195.550003,195.889999,194.379929,7522600
12/22/2017,194.399994,195.649994,191.25,195.270004,193.764755,11656900
12/26/2017,193.029999,197.75,191.820007,197.440002,195.918015,8877000
12/27/2017,196.899994,199.970001,196.309998,197.169998,195.650101,8237200
12/28/2017,198.130005,199.380005,197.149994,197.399994,195.878342,6006200
12/29/2017,198.460007,198.460007,193.5,193.5,192.008392,6999100
1/2/2018,195.779999,199.5,194.5,199.350006,197.813309,8890400
1/3/2018,204.100006,213.699997,203.75,212.470001,210.832153,22867600
1/4/2018,215.759995,218.050003,212.690002,213.589996,211.943512,14581700
1/5/2018,214.190002,216.910004,211.080002,215.399994,213.739548,14503100
1/8/2018,220.399994,225,218.580002,222,220.288696,22030400
1/9/2018,222.220001,223.820007,218.639999,221.940002,220.229156,12425000
1/10/2018,218.199997,223.820007,216,223.679993,221.95575,14566600
1/11/2018,225,226.270004,223.210007,224.080002,222.352676,10150800
1/12/2018,223.600006,224.990005,221.339996,222.979996,221.261124,8997900
1/16/2018,224.050003,227.509995,216.690002,220.110001,218.413284,17558700
1/17/2018,220.699997,225.119995,216.899994,224.720001,222.987732,13460200
1/18/2018,223.940002,226.639999,222.679993,224.440002,222.709885,10215800
1/19/2018,228.089996,231.089996,227,230.110001,228.336151,15234500
1/22/2018,230.429993,233.759995,228.100006,233.690002,231.888596,13773600
1/23/2018,235.850006,239.830002,235.100006,238.910004,237.068359,11880700
1/24/2018,239.039993,240.490005,233.550003,235.800003,233.982315,14499300
1/25/2018,238,239.75,235.75,236.350006,234.528076,10247100
1/26/2018,238.119995,243.339996,237.600006,243.330002,241.454285,12908900
1/29/2018,242.740005,248.110001,240.610001,246.850006,244.947144,11377900
1/30/2018,241.110001,246.419998,238.410004,242.720001,240.848953,14270800
1/31/2018,245.770004,249.270004,244.449997,245.800003,243.905228,11964400
2/1/2018,238.520004,246.899994,238.059998,240.5,238.646088,12980600
2/2/2018,237,237.970001,231.169998,233.520004,231.71991,17961600
2/5/2018,227,233.229996,205,213.699997,212.052673,29130100
2/6/2018,204.399994,225.699997,204,225.580002,223.841095,27870000
2/7/2018,229.580002,234.970001,226.699997,228.800003,227.036255,20073300
2/8/2018,233.880005,235.220001,217.509995,217.520004,215.843231,28600000
2/9/2018,238.25,238.889999,217.520004,232.080002,230.29097,41865100
2/12/2018,235.360001,235.479996,225.029999,228.029999,226.272202,27329300
2/13/2018,226.559998,234.5,225.25,232.630005,230.836746,15638100
2/14/2018,231,242.589996,230.550003,241.419998,239.55899,18624700
2/15/2018,244.789993,248.369995,241.520004,246.5,244.599838,17472500
2/16/2018,245.399994,250,243.470001,243.839996,241.960342,15941400
2/20/2018,244.75,251.869995,244.600006,249.080002,247.159973,17156000
2/21/2018,251.690002,251.970001,241.360001,241.509995,239.6483,22307300
2/22/2018,242.729996,245.630005,239.5,242.149994,240.432678,13359100
2/23/2018,244.570007,245.929993,242.520004,245.929993,244.185883,10382500
2/26/2018,247.800003,247.979996,244.059998,246.580002,244.831284,11732800
2/27/2018,245.5,248.910004,245.130005,246.059998,244.314972,11385900
2/28/2018,246.5,248.100006,241.529999,242,240.283752,13077900
3/1/2018,241.910004,244.089996,228.119995,232.210007,230.563202,26003000
3/2/2018,227.860001,236.800003,221.850006,236.539993,234.862473,22835700
3/5/2018,234.509995,237.25,229.520004,235.649994,233.978806,15519400
3/6/2018,239.100006,242.940002,237.360001,242.160004,240.442627,15920200
3/7/2018,238,243.949997,237.949997,241.839996,240.124893,14530200
3/8/2018,242.949997,242.949997,239.389999,241.179993,239.469574,10297800
3/9/2018,243.100006,245.850006,242.449997,245.330002,243.590134,12638100
3/12/2018,247,253,246.669998,249.759995,247.988708,15126500
3/13/2018,251.490005,254.5,246.039993,247.710007,245.953262,15494300
3/14/2018,249.449997,250.550003,246.220001,248.740005,246.975952,12637400
3/15/2018,249.289993,252.619995,247.639999,249.339996,247.571701,10048800
3/16/2018,250,251.25,248.479996,250.479996,248.703613,9986400
3/19/2018,248.179993,249.350006,237,241,239.290848,17844300
3/20/2018,241.119995,251.149994,241.119995,249.580002,247.809998,13867400
3/21/2018,249.320007,252,247.330002,248.559998,246.797241,10967200
3/22/2018,246,247.880005,240.339996,241.850006,240.134811,13779900
3/23/2018,242.399994,242.5,232.520004,232.970001,231.317825,18390500
3/26/2018,238,244.529999,235.899994,244.479996,242.74617,15285600
3/27/2018,247.75,250,219.850006,225.520004,223.920639,35225000
3/28/2018,224.130005,229.389999,217,221.350006,219.780228,23647600
3/29/2018,224.110001,235.5,220.699997,231.589996,229.947586,22915700
4/2/2018,228.740005,234.649994,217.5,221.050003,219.48233,23052300
4/3/2018,227.800003,230.350006,221.350006,225.350006,223.751846,16685800
4/4/2018,215.009995,226.660004,214,226.240005,224.635544,19729200
4/5/2018,228.600006,229.130005,218.490005,221.380005,219.809998,17531000
4/6/2018,217.229996,221.600006,213.070007,214.25,212.73056,16574700
4/9/2018,216.800003,221.970001,214.600006,215.410004,213.882339,12488100
4/10/2018,224.720001,229,222.410004,227.910004,226.293686,19041900
4/11/2018,227.309998,228.979996,224.919998,226.240005,224.635544,11506100
4/12/2018,230,235.320007,228.210007,234.600006,232.936234,14848000
4/13/2018,237.169998,237.509995,229.550003,231.5,229.858215,12575900
4/16/2018,231.770004,232.839996,227.679993,231.490005,229.848297,8769800
4/17/2018,233.600006,238.399994,231.350006,237.539993,235.855362,11180600
4/18/2018,235.5,239.25,232.770004,236.369995,234.69371,9784100
4/19/2018,231.75,233.100006,226.800003,229.039993,227.415649,11799900
4/20/2018,228.690002,232.100006,227.449997,228.710007,227.087997,9655000
4/23/2018,229.429993,231.5,222.830002,223.880005,222.292297,10687700
4/24/2018,224.919998,228.800003,218.559998,221.199997,219.631256,10364900
4/25/2018,220,221.580002,210.300003,216.660004,215.123459,14712300
4/26/2018,223.199997,225.550003,220.529999,225.220001,223.622742,9395600
4/27/2018,229.5,230.300003,224.619995,226.330002,224.724915,10021200
4/30/2018,226.990005,229,224.119995,224.899994,223.305023,8196100
5/1/2018,224.570007,227.25,222.199997,227.139999,225.52916,6344700
5/2/2018,227,228.800003,225.25,226.309998,224.705017,6706200
5/3/2018,227.600006,234.050003,225.770004,232.990005,231.337677,11078600
5/4/2018,231.830002,239.190002,231.130005,239.059998,237.364609,10016500
5/7/2018,243.289993,250.990005,242.889999,248.679993,246.916382,17190400
5/8/2018,248.690002,250.509995,246.710007,250.399994,248.624176,12665400
5/9/2018,251.210007,255.869995,250.110001,255.779999,253.966019,14919000
5/10/2018,257.920013,260.5,257.200012,260.130005,258.285156,24852000
5/11/2018,252.779999,259.790009,250.539993,254.529999,252.724899,30361400
5/14/2018,256.070007,258.48999,254.399994,255.360001,253.549011,13078500
5/15/2018,252.789993,252.899994,241.5,245.559998,243.818527,24088200
5/16/2018,244,248.520004,242.509995,246.009995,244.26532,13845700
5/17/2018,246.080002,251.5,245.429993,247.710007,245.953262,12994600
5/18/2018,249.809998,252.369995,245.740005,245.940002,244.195816,12092900
5/21/2018,249.880005,250.029999,240.490005,244.240005,242.507889,16015600
5/22/2018,244.779999,245.800003,240.25,242.699997,240.978775,12956600
5/23/2018,240.279999,247.589996,240.25,247.539993,245.936462,11073900
5/24/2018,247.389999,249.399994,245.240005,247.690002,246.085495,10934300
5/25/2018,248.199997,249.940002,246.759995,249.279999,247.665192,7302800
5/29/2018,248.550003,251.339996,246.699997,248.589996,246.979675,8817100
5/30/2018,249.949997,253.339996,248.949997,252.990005,251.351196,9774900
5/31/2018,251.699997,255.199997,251.270004,252.190002,250.55632,12346700
6/1/2018,254,257.869995,253.649994,257.619995,255.951157,10549200
6/4/2018,259,265.73999,257.700012,264.850006,263.134308,16050600
6/5/2018,264.980011,266.589996,263.170013,265.070007,263.352966,9792800
6/6/2018,261.429993,265.279999,260.769989,265.149994,263.432373,9283900
6/7/2018,265,265.480011,259.25,262.899994,261.19696,9236200
6/8/2018,259.959991,264,259.200012,262.279999,260.580963,9011400
6/11/2018,261.769989,263.450012,260.100006,260.619995,258.931702,6634300
6/12/2018,261.690002,263.070007,259.660004,262.579987,260.878998,7979000
6/13/2018,262.640015,265.670013,262.029999,262.399994,260.700195,8455200
6/14/2018,264.220001,269.200012,263.619995,266.910004,265.181,10750400
6/15/2018,264.600006,267.480011,263.350006,265.26001,263.541687,10806500
6/18/2018,263.480011,265.799988,262.380005,265.089996,263.372772,8906700
6/19/2018,260.920013,263.640015,255.020004,260.170013,258.48468,14873300
6/20/2018,261.829987,264.450012,260.279999,262.309998,260.610809,9244500
6/21/2018,263.600006,264.339996,256.799988,257.109985,255.444473,8987900
6/22/2018,257.950012,258.48999,250.330002,250.949997,249.324371,10854000
6/25/2018,246.649994,246.800003,235.539993,239.119995,237.571014,16645400
6/26/2018,243.699997,245.649994,239.910004,241.990005,240.422409,11972100
6/27/2018,243.75,246.429993,235.5,235.720001,234.193024,11347300
6/28/2018,235.320007,241.339996,235.009995,240.860001,239.299744,8450300
6/29/2018,243.490005,244,236.850006,236.899994,235.365387,9807500
7/2/2018,234.089996,242.389999,233.259995,242.240005,240.670776,8939300
7/3/2018,243.639999,243.880005,236.5,236.839996,235.305771,5568300
7/5/2018,239.070007,242.929993,237.5,242.729996,241.157608,7655400
7/6/2018,241.740005,247.669998,240.880005,247.330002,245.727844,7408800
7/9/2018,250.330002,250.720001,246.070007,249.25,247.635391,7597000
7/10/2018,249.75,254.139999,248.119995,253.25,251.609467,9000400
7/11/2018,249.5,250.899994,247.100006,247.529999,245.926544,9187700
7/12/2018,249.360001,253.169998,248.960007,251.229996,249.602554,8637700
7/13/2018,251.979996,251.979996,247.619995,249.320007,247.704941,6174700
7/16/2018,248.199997,250.339996,247.699997,248.199997,246.592194,4925900
7/17/2018,246.210007,254.300003,245.179993,253.690002,252.046646,9053400
7/18/2018,253.389999,253.949997,249.639999,251.699997,250.069504,6941000
7/19/2018,250.940002,253.389999,250.330002,252.029999,250.397385,5893800
7/20/2018,251.929993,253.5,250.449997,250.889999,249.264771,5558800
7/23/2018,249.820007,249.889999,243.279999,249.410004,247.794357,7539600
7/24/2018,251.350006,254.850006,248,248.710007,247.098907,8865500
7/25/2018,249.089996,252.380005,246.75,251.869995,250.238434,7977800
7/26/2018,251.059998,256.329987,250.380005,254.839996,253.189178,8128100
7/27/2018,256.320007,256.600006,249.839996,252.020004,250.387451,7385500
7/30/2018,252.589996,252.830002,242.720001,244.130005,242.548569,8508500
7/31/2018,243.710007,247.880005,242.139999,244.860001,243.273819,7099700
8/1/2018,246.130005,248.360001,243.889999,246.470001,244.873398,7088900
8/2/2018,243.589996,250.779999,241.210007,250.619995,248.996506,6741700
8/3/2018,251.610001,253.059998,250.929993,252.100006,250.466934,5357200
8/6/2018,251.589996,254.169998,249.710007,254.029999,252.38443,5187700
8/7/2018,256,257.700012,254.919998,256.950012,255.285522,6453300
8/8/2018,257,260.23999,255.589996,258.420013,256.746033,6552500
8/9/2018,259.140015,259.25,256.149994,256.459991,254.798691,5107000
8/10/2018,253.149994,256.100006,252.699997,254.789993,253.139481,6409900
8/13/2018,255.139999,261,255.070007,256.119995,254.460892,9380200
8/14/2018,260.380005,262,257.019989,261.429993,259.736481,11655500
8/15/2018,262.269989,263.640015,255.899994,259.079987,257.401733,14778400
8/16/2018,261.899994,262,255.009995,257.440002,255.772308,20031500
8/17/2018,252.940002,252.970001,243.729996,244.820007,243.2341,28579700
8/20/2018,243.179993,253.199997,238.720001,247.839996,246.234528,21359700
8/21/2018,248.5,253.5,247.699997,253.320007,251.679016,16849700
8/22/2018,252,263.019989,251.860001,262.820007,261.117462,18746400
8/23/2018,261.26001,269.480011,260.700012,266.839996,265.11145,18017100
8/24/2018,267.179993,272.809998,267,272.220001,270.456604,13287800
8/27/2018,273.420013,278.899994,272.149994,275.899994,274.112793,12644400
8/28/2018,275.660004,276.579987,269.529999,274.380005,272.60257,11884600
8/29/2018,273.920013,279.5,273.079987,278.48999,276.837311,10502700
8/30/2018,277.230011,281.720001,276.320007,277.809998,276.161346,8665200
8/31/2018,277,281.200012,276.600006,280.679993,279.014343,7664800
9/4/2018,280.149994,285.220001,279,283.700012,282.016388,9793000
9/5/2018,282.98999,284.420013,275.149994,278.420013,276.767761,9828900
9/6/2018,277.76001,277.859985,271.390015,272.720001,271.101563,8069900
9/7/2018,269,276.929993,267.190002,271.859985,270.246674,7385500
9/10/2018,272.769989,275.929993,271,274.730011,273.09964,5503500
9/11/2018,272.859985,276.399994,272.019989,272.799988,271.181061,6077800
9/12/2018,271.190002,271.980011,261.920013,268.200012,266.608368,10477300
9/13/2018,270.859985,275,270.160004,271.339996,269.729767,7638400
9/14/2018,274.98999,279.100006,273.5,276.429993,274.789551,9673400
9/17/2018,275.399994,277.380005,273.149994,273.929993,272.304352,5138200
9/18/2018,274.089996,278.23999,270.75,271.019989,269.411621,7488000
9/19/2018,270.269989,272.700012,268.25,271.980011,270.365967,5621500
9/20/2018,267.049988,268.76001,264.100006,266.279999,264.699768,10764600
9/21/2018,266.76001,268.600006,262.109985,263.450012,261.886597,10878200
9/24/2018,262.200012,265.839996,258.679993,265.700012,264.12323,7347800
9/25/2018,268.369995,269.420013,264.910004,268.410004,266.817139,7009700
9/26/2018,268.609985,270.23999,266.279999,266.920013,265.335999,6713700
9/27/2018,268.339996,269.200012,266.130005,267.399994,265.813141,5360700
9/28/2018,272.730011,281.920013,271.600006,281.019989,279.352325,17734900
10/1/2018,284.160004,292.059998,282.600006,289.359985,287.642822,15551500
10/2/2018,288.25,292.76001,285.579987,286.480011,284.779907,9599100
10/3/2018,289.320007,289.619995,282.529999,286.730011,285.028381,8013800
10/4/2018,285.269989,286.25,276.179993,279.290009,277.632599,9780500
10/5/2018,278.290009,280.799988,267.540009,269.859985,268.258514,10665900
10/8/2018,266.5,271.160004,260.079987,265.769989,264.19278,10215300
10/9/2018,264.940002,268.76001,262.799988,265.540009,263.964203,6837500
10/10/2018,261.26001,263.109985,245.600006,245.690002,244.231964,17123500
10/11/2018,242.169998,247.559998,234.259995,235.130005,233.734634,18135900
10/12/2018,245.509995,249.539993,239.649994,246.539993,245.07692,15205900
10/15/2018,246,246,235.339996,235.380005,233.983154,11244000
10/16/2018,239.929993,246.279999,237.940002,245.830002,244.371155,10217800
10/17/2018,248.339996,249.880005,241.080002,243.059998,241.617569,8241700
10/18/2018,245.860001,247.410004,237.089996,239.529999,238.108536,13100500
10/19/2018,241.759995,242.550003,227.699997,229.169998,227.810013,15340200
10/22/2018,231.279999,235.320007,227.070007,231.220001,229.847855,9221100
10/23/2018,220.429993,224.190002,216.710007,221.059998,219.748138,15660900
10/24/2018,219.509995,221.389999,198.850006,199.410004,198.226608,22107200
10/25/2018,195.470001,209.75,193.679993,207.839996,206.606567,23793000
10/26/2018,198.309998,204.839996,193.119995,198.289993,197.113251,16619600
10/29/2018,203.990005,204.130005,176.009995,185.619995,184.518448,18950400
10/30/2018,186.550003,203.399994,185.619995,203,201.795303,20179800
10/31/2018,209.649994,212.589996,204.009995,210.830002,209.578857,18644300
11/1/2018,212.300003,218.490005,207.190002,218.110001,216.815628,14163200
11/2/2018,217.729996,222,210.210007,214.919998,213.644562,11324000
11/5/2018,214.389999,215.330002,205.279999,211.770004,210.513275,9483300
11/6/2018,211.449997,214.850006,209.559998,211.059998,209.807495,7475300
11/7/2018,213.75,217.410004,211.179993,213.789993,212.521271,12095300
11/8/2018,211.399994,211.429993,203.830002,205.990005,204.767578,12783800
11/9/2018,202.399994,209.320007,201.039993,205.669998,204.449463,10331000
11/12/2018,201.979996,202.869995,188.660004,189.539993,188.415192,15427900
11/13/2018,193.490005,204.210007,193.240005,199.309998,198.127213,16117800
11/14/2018,206.300003,206.880005,192.830002,197.190002,196.019791,13164500
11/15/2018,196.949997,205.300003,195.5,202.389999,201.188919,21017700
11/16/2018,163.320007,170.660004,161.610001,164.429993,163.454178,49088000
11/19/2018,161.789993,161.820007,144.630005,144.699997,143.841278,42445500
11/20/2018,134.059998,154.259995,133.309998,149.080002,148.195297,42300800
11/21/2018,154.619995,155.300003,143.610001,144.710007,143.851242,25637400
11/23/2018,143.309998,149.589996,142.789993,145,144.139511,10299200
11/26/2018,149.889999,153.470001,146.559998,153.050003,152.141739,20370800
11/27/2018,152,157.009995,150.550003,153.729996,152.817703,18451500
11/28/2018,158.479996,160.279999,153.130005,160.070007,159.120102,20113100
11/29/2018,160,161.5,156.139999,157.360001,156.582672,13729300
11/30/2018,157.75,163.860001,155.720001,163.429993,162.622681,18239100
12/3/2018,172.600006,174.679993,167.339996,170.039993,169.200043,22270100
12/4/2018,168.240005,168.440002,156.5,157.110001,156.333908,20302800
12/6/2018,151.440002,158.490005,150.809998,158.289993,157.508072,17307700
12/7/2018,158.460007,158.869995,145.619995,147.610001,146.880844,17041900
12/10/2018,145.800003,152.860001,145.649994,151.860001,151.109848,15736800
12/11/2018,155.559998,155.889999,145,148.190002,147.457977,16797800
12/12/2018,148.419998,152.779999,144.820007,148.899994,148.164474,16353400
12/13/2018,150.789993,153.380005,147.440002,148.889999,148.154495,11784600
12/14/2018,147.210007,150.589996,145.5,146.449997,145.726563,11795500
12/17/2018,145.240005,148.149994,141.240005,143.580002,142.870728,16571700
12/18/2018,145.350006,150.330002,144.25,146.940002,146.214142,14109300
12/19/2018,145.580002,147.740005,136.429993,138.509995,137.825806,18634100
12/20/2018,138.169998,141.800003,132.690002,135.100006,134.432632,18739700
12/21/2018,136.169998,137.5,128.460007,129.570007,128.929977,21593500
12/24/2018,126.489998,129.979996,124.5,127.080002,126.452255,11596000
12/26/2018,128.940002,133.139999,124.459999,133.100006,132.442535,17377500
12/27/2018,130.990005,132.380005,125.18,131.169998,130.522049,15926100
12/28/2018,132,137.389999,130.309998,133.649994,132.989807,15718200
12/31/2018,135.399994,136.710007,132.259995,133.5,132.84053,11628500
1/2/2019,130.639999,138.479996,130.050003,136.220001,135.547104,12718800
1/3/2019,133.789993,135.160004,127.690002,127.989998,127.35775,17638800
1/4/2019,130.940002,137.729996,129.699997,136.190002,135.517258,14640500
1/7/2019,138.5,144.889999,136.429993,143.399994,142.69162,17729000
1/8/2019,146.690002,146.779999,136.899994,139.830002,139.139282,19650400
1/9/2019,141.899994,144.490005,139.860001,142.580002,141.875702,15431500
1/10/2019,141.800003,145.580002,139.360001,145.229996,144.512604,13078900
1/11/2019,144.330002,149.75,143.210007,148.830002,148.094803,21869100
1/14/2019,146.720001,151.460007,145.770004,150.440002,149.696854,18254200
1/15/2019,151.759995,153.350006,149.130005,149.869995,149.129669,15425300
1/16/2019,150.970001,152.300003,148.619995,148.839996,148.104767,11752600
1/17/2019,147.509995,153.330002,146.410004,151.720001,150.970566,12335900
1/18/2019,153.729996,157.979996,151.649994,156.929993,156.1548,16283400
1/22/2019,155.710007,156.179993,147.550003,148.770004,148.035126,16538800
1/23/2019,151,154.580002,148.029999,149.289993,148.552521,14775500
1/24/2019,152.699997,158.550003,152.509995,157.839996,157.060287,17724300
1/25/2019,155.440002,160.880005,151.300003,160.149994,159.358887,28864300
1/28/2019,136.550003,141.639999,131,138.009995,137.328262,62788200
1/29/2019,136.149994,138.100006,131.009995,131.600006,130.949936,28848300
1/30/2019,134.669998,137.970001,131.460007,137.389999,136.711319,24355700
1/31/2019,137.259995,145.190002,136.380005,143.75,143.039902,21071300
2/1/2019,144.5,146.789993,142.580002,144.729996,144.015076,15626200
2/4/2019,145.369995,150.679993,144.479996,149.179993,148.443069,13214800
2/5/2019,149.660004,151.429993,148.300003,149.949997,149.209274,13560600
2/6/2019,151.289993,155.600006,151.070007,153,152.244217,17561600
2/7/2019,151.130005,151.220001,145.690002,147.419998,146.691772,15928000
2/8/2019,144.710007,148.600006,144.130005,148.169998,147.438065,11540100
2/11/2019,146.389999,148.580002,144.5,146.449997,145.726563,12379500
2/12/2019,148,151.800003,147.419998,151.169998,150.423248,14776500
2/13/2019,152.360001,155.830002,151.809998,152.880005,152.124817,15134300
2/14/2019,152.839996,155.669998,151.100006,154.529999,153.766647,20681600
2/15/2019,162.949997,163.869995,156.419998,157.339996,156.562775,37918700
2/19/2019,156.910004,159.889999,156.139999,156.639999,155.866226,13797300
2/20/2019,157.820007,161.259995,157.369995,158.550003,157.766785,13524700
2/21/2019,159.059998,160.050003,155.179993,155.770004,155.000519,11213700
2/22/2019,157.860001,159.949997,157.309998,159.190002,158.403641,10043500
2/25/2019,162.559998,165.279999,158.339996,158.690002,157.906113,16400500
2/26/2019,158.5,160.759995,155.75,157.100006,156.323959,12211600
2/27/2019,156.520004,157.589996,153.110001,155.410004,154.642303,12506400
2/28/2019,155,155.899994,153.360001,154.259995,153.656174,8123600
3/1/2019,156.270004,158.149994,153.919998,156.449997,155.837601,8929700
3/4/2019,158,158.919998,154.5,156.779999,156.166321,10249800
3/5/2019,156.149994,158.059998,153.960007,156.520004,155.907349,9073100
3/6/2019,156.160004,156.5,151.940002,152.050003,151.454834,10088100
3/7/2019,151.100006,151.490005,147.399994,149.259995,148.675751,11252600
3/8/2019,145.660004,151.070007,144.800003,150.639999,150.050339,10560400
3/11/2019,151.589996,162.059998,149.690002,161.139999,160.509262,21493200
3/12/2019,162.259995,164.389999,159.190002,162.520004,161.88385,14489400
3/13/2019,164.029999,169.800003,163.729996,168.619995,167.959991,19222500
3/14/2019,168.990005,169.470001,165.25,165.559998,164.911957,12984600
3/15/2019,167.300003,171.529999,167.160004,169.809998,169.145309,16537100
3/18/2019,171.080002,173.25,167.860001,168.949997,168.288696,12174800
3/19/2019,172.759995,177.5,172.080002,175.710007,175.022217,21374300
3/20/2019,176.880005,179.029999,173,174.399994,173.717346,17978700
3/21/2019,175.330002,185,175.130005,183.940002,183.220016,20607800
3/22/2019,182.839996,184.800003,176.940002,177.5,176.805206,18691100
3/25/2019,175.860001,178.449997,171.110001,173.779999,173.099762,13130300
3/26/2019,179.490005,181.75,174.600006,176.869995,176.177673,17587700
3/27/2019,177.899994,179.770004,173.699997,176.5,175.809128,11859300
3/28/2019,177.550003,179.899994,175.110001,177.25,176.556198,12006600
3/29/2019,179.940002,180.539993,177.910004,179.559998,178.857162,11422400
4/1/2019,183.259995,183.5,180.369995,182.279999,181.566498,12095600
4/2/2019,183.25,184.789993,181.520004,183,182.283661,11023000
4/3/2019,185,191,184.800003,188.619995,187.881699,19719500
4/4/2019,188,189.970001,185.729996,188.259995,187.523102,11434400
4/5/2019,190,191.649994,188.529999,190.949997,190.202545,12043600
4/8/2019,189.720001,192.800003,188.75,191.789993,191.039276,10604800
4/9/2019,190.440002,190.889999,187.559998,189.259995,188.519196,10999300
4/10/2019,189.229996,193.139999,189.050003,192.100006,191.348068,11119300
4/11/2019,192.199997,193.470001,189.550003,191.539993,190.790237,9365000
4/12/2019,193.100006,193.259995,189.660004,190.009995,189.266235,11792700
4/15/2019,189.699997,189.899994,183.100006,184.699997,183.97702,11002300
4/16/2019,186.279999,188.970001,184.960007,188.210007,187.473312,9874100
4/17/2019,189.619995,190.460007,186.389999,187.289993,186.556885,8775100
4/18/2019,187.559998,188.929993,185.179993,186.300003,185.57077,9524700
4/22/2019,185.350006,189.100006,184.080002,188.470001,187.732269,6998400
4/23/2019,189,191.929993,188.610001,190.669998,189.92366,8671400
4/24/2019,191.089996,192.809998,188.639999,191.169998,190.421707,7955100
4/25/2019,189.550003,190.449997,183.699997,186.910004,186.178391,12482400
4/26/2019,180.710007,180.889999,173.300003,178.089996,177.392899,21724700
4/29/2019,178.410004,180.449997,175.5,179.330002,178.628082,9798000
4/30/2019,178.029999,182.029999,177.259995,181,180.291519,9073000
5/1/2019,183.110001,184.809998,180.460007,180.470001,179.763611,8857000
5/2/2019,180.860001,184.869995,179.119995,183.190002,182.472946,9867100
5/3/2019,183.529999,183.929993,180.529999,183.009995,182.293655,8420600
5/6/2019,175.5,180.339996,174,179.850006,179.146011,10554400
5/7/2019,177.899994,177.899994,171.169998,173.110001,172.432404,13880500
5/8/2019,172,177.149994,171.520004,173.919998,173.239227,10479200
5/9/2019,171.139999,171.529999,165.399994,170.190002,169.523849,16506200
5/10/2019,168.949997,171.589996,164,168.820007,168.15921,14237500
5/13/2019,163.5,164.429993,157.809998,158.449997,157.829773,16422800
5/14/2019,160.050003,163.460007,158.490005,162.039993,161.405731,13122000
5/15/2019,159.800003,161.050003,157.410004,159.580002,158.955353,12558000
5/16/2019,159.360001,161.910004,157.649994,160.190002,159.562973,19527200
5/17/2019,158.5,163.710007,154.940002,156.529999,155.917297,25551700
5/20/2019,152.550003,154.770004,150.75,151.75,151.156006,14301600
5/21/2019,154.199997,155.699997,152.639999,155.059998,154.453064,9046200
5/22/2019,153.5,154.550003,151.759995,152.199997,151.604263,8146700
5/23/2019,149.690002,149.690002,144.910004,147.320007,146.743347,14796100
5/24/2019,148.080002,149.5,144.880005,145.149994,144.581833,8939600
5/28/2019,145.860001,147.179993,143.25,143.330002,142.768967,10708900
5/29/2019,141.410004,142.820007,138.940002,140.339996,139.790649,13995000
5/30/2019,140.309998,141.75,137.570007,139.110001,138.723648,9857500
5/31/2019,137.139999,139.850006,135.389999,135.460007,135.083801,9743000
6/3/2019,135.910004,137.470001,132.600006,133.779999,133.408447,11966100
6/4/2019,136.360001,143.210007,135.470001,143,142.602844,16045900
6/5/2019,145.970001,146.190002,139.820007,141.279999,140.887604,12790400
6/6/2019,141.449997,144.770004,141.350006,143.779999,143.380676,10203500
6/7/2019,144.020004,146.880005,143.25,145.5,145.095886,8721400
6/10/2019,147.759995,151.190002,147.759995,148.429993,148.017746,10069500
6/11/2019,150.839996,152.360001,149.160004,150.75,150.331329,9596800
6/12/2019,149,149.25,145.589996,146.199997,145.793976,8950400
6/13/2019,147.089996,149,146.380005,148.259995,147.848221,7702000
6/14/2019,144.509995,145.490005,142.839996,144.639999,144.238297,9860700
6/17/2019,144.570007,146.520004,143.649994,145.029999,144.627197,6901000
6/18/2019,147.5,155.110001,147.059998,152.880005,152.455399,14548000
6/19/2019,154.300003,154.759995,152.070007,153.119995,152.694733,8291100
6/20/2019,156.770004,157.330002,153.520004,154.100006,153.672012,8754200
6/21/2019,153.5,155.479996,151.5,151.759995,151.338516,10860700
6/24/2019,152.619995,153.850006,150.720001,152.660004,152.236023,7073700
6/25/2019,152.860001,155.880005,151.369995,151.479996,151.05928,7796700
6/26/2019,156.610001,161.720001,156.089996,159.259995,158.817673,14601800
6/27/2019,162.710007,164,161.259995,163.229996,162.776657,11136000
6/28/2019,165,165.369995,162.350006,164.229996,163.77388,9941700
7/1/2019,172.570007,173.949997,164.660004,166.169998,165.708496,17788300
7/2/2019,165.5,166.350006,161.699997,162.229996,161.779419,10005700
7/3/2019,163.169998,163.399994,160.339996,162.75,162.297989,6165900
7/5/2019,160.399994,160.580002,157.679993,160.229996,159.784988,9913800
7/8/2019,157.830002,158.589996,156,157.210007,156.773392,8244700
7/9/2019,155.509995,158.440002,155,157.309998,156.873108,8571500
7/10/2019,159.059998,162.369995,158.5,160.059998,159.615463,11301900
7/11/2019,163,167.919998,161.5,166.279999,165.818192,17064000
7/12/2019,167.399994,170.470001,167.399994,167.610001,167.144501,12659800
7/15/2019,168.460007,169.110001,166.130005,167.270004,166.805435,7246000
7/16/2019,166.669998,168.169998,164.839996,167.080002,166.615967,8536100
7/17/2019,167.149994,169.990005,165.970001,169.710007,169.238663,8705100
7/18/2019,170.130005,172.710007,167.850006,170.179993,169.707352,11079500
7/19/2019,171.720001,171.979996,168.199997,168.440002,167.972183,8622400
7/22/2019,169.300003,171.839996,169,171.320007,170.844193,7898500
7/23/2019,172.899994,175.740005,172.270004,175.660004,175.172134,10704400
7/24/2019,177.399994,178.889999,174.339996,178.660004,178.163803,9155900
7/25/2019,176.990005,177.5,172.440002,173.380005,172.898468,9817500
7/26/2019,174.470001,176.949997,174.470001,175.070007,174.583801,6854000
7/29/2019,174.779999,175.470001,171.270004,174.820007,174.334473,6204000
7/30/2019,172.949997,175.940002,172.369995,175.449997,174.962723,4944300
7/31/2019,174.179993,174.220001,167.020004,168.720001,168.251404,8985400
8/1/2019,169.139999,172.779999,162.820007,164.919998,164.46196,10530300
8/2/2019,161.190002,163.979996,159.279999,161.190002,160.74231,10708700
8/5/2019,153.800003,153.850006,148.899994,150.789993,150.371216,14728900
8/6/2019,153.800003,155.630005,150.429993,152.350006,151.92688,9031800
8/7/2019,149.899994,154.369995,149.199997,153.889999,153.462601,9314000
8/8/2019,156.210007,158.309998,153.899994,158.259995,157.820465,7732500
8/9/2019,156.610001,156.75,152.149994,154.179993,153.751785,8545400
8/12/2019,152.080002,154.179993,150.570007,151.449997,151.029373,6980000
8/13/2019,151.389999,157.899994,149.820007,156.050003,155.616608,8798900
8/14/2019,152.5,152.949997,148.309998,150.070007,149.653214,10497000
8/15/2019,150.830002,151.630005,147.389999,148.770004,148.356812,11930000
8/16/2019,159.350006,161.539993,156.880005,159.559998,159.116852,25199000
8/19/2019,164.119995,171.419998,163.470001,170.779999,170.305679,20377800
8/20/2019,170.559998,170.580002,167.020004,167.869995,167.403748,11579700
8/21/2019,170.529999,173.449997,169.660004,171.229996,170.75444,10681100
8/22/2019,171.619995,173.330002,169.899994,171.479996,171.003738,7587200
8/23/2019,168.399994,170.589996,161.639999,162.440002,161.988861,14201400
8/26/2019,165.610001,166.580002,163.910004,165.449997,164.990479,7955200
8/27/2019,166.990005,167.100006,160.619995,161.800003,161.350632,7274200
8/28/2019,160.580002,163.339996,159,161.220001,160.931396,6390300
8/29/2019,164.899994,168.300003,164.759995,167,166.701035,8949400
8/30/2019,168.860001,170.860001,166.779999,167.509995,167.210129,7265400
9/3/2019,164.580002,165.910004,163.25,164.169998,163.876099,7403500
9/4/2019,166.610001,169.059998,166.610001,168.759995,168.457886,5693200
9/5/2019,172.869995,179.990005,172.800003,179.740005,179.418243,17391900
9/6/2019,178.800003,181.089996,177.119995,178.649994,178.33017,9424400
9/9/2019,179.899994,183.979996,179.839996,180.5,180.176865,10438100
9/10/2019,179.179993,184.25,178.789993,183.179993,182.852066,8820300
9/11/2019,183.770004,186.270004,182.600006,184.330002,184.000015,9037800
9/12/2019,186.199997,188.399994,183.949997,184.270004,183.940125,8196000
9/13/2019,181.589996,183.080002,180.179993,181.940002,181.614304,8114800
9/16/2019,178.919998,181.600006,178.5,180.210007,179.88739,5795800
9/17/2019,180.479996,181.240005,178.610001,181.070007,180.745865,5576200
9/18/2019,180.789993,181.419998,176.5,179.979996,179.657791,6453800
9/19/2019,180.220001,180.960007,176.509995,176.940002,176.623245,6136900
9/20/2019,176.899994,177.850006,172.279999,172.690002,172.380859,8756100
9/23/2019,172.699997,176.669998,172.550003,174.839996,174.527008,6242800
9/24/2019,176.100006,177.289993,171.100006,172.529999,172.22113,7931700
9/25/2019,172.509995,179.020004,170.710007,178.229996,177.910934,7710800
9/26/2019,177.839996,178.190002,175.289993,177.339996,177.022537,5864100
9/27/2019,175.660004,177.699997,169.320007,171.759995,171.452515,9051400
9/30/2019,172.800003,174.479996,171.539993,174.070007,173.758392,4654600
10/1/2019,175,181,173.809998,174,173.688492,9150200
10/2/2019,173.119995,173.600006,170.130005,173.039993,172.730225,7334300
10/3/2019,173.220001,181.559998,172,181.309998,180.985413,11264700
10/4/2019,181.399994,183.149994,178.779999,181.970001,181.644226,6638100
10/7/2019,184.580002,188.339996,184.229996,184.330002,184.000015,12024600
10/8/2019,180.639999,180.639999,176.5,177.229996,176.91272,11110900
10/9/2019,180.320007,182.699997,179.160004,180.710007,180.386505,7310300
10/10/2019,180.619995,185.080002,180.410004,183.029999,182.702347,7728100
10/11/2019,186.410004,189.339996,185.649994,185.990005,185.657043,11160100
10/14/2019,185.639999,187.369995,184.389999,186.529999,186.196075,5001000
10/15/2019,190.160004,199.289993,189.600006,196.369995,196.018448,16603100
10/16/2019,195,199.220001,193.75,194.210007,193.862335,10723600
10/17/2019,196,197.809998,192.100006,194.289993,193.942184,6585900
10/18/2019,194.309998,195.619995,187.5,190.490005,190.148987,7686000
10/21/2019,192.960007,196.550003,192.199997,196.009995,195.659103,6546700
10/22/2019,198.300003,202.529999,195.300003,195.610001,195.259811,8218000
10/23/2019,192.309998,195.660004,191.029999,195.089996,194.740753,6997900
10/24/2019,196.75,198.210007,195.380005,196.860001,196.507599,5800500
10/25/2019,200.100006,205.380005,199.789993,204.539993,204.173843,10577300
10/28/2019,206.300003,208.899994,205.119995,206.789993,206.4198,8269800
10/29/2019,206.229996,206.490005,202.139999,202.919998,202.556732,5280900
10/30/2019,204,204.229996,200.259995,203,202.636597,5149000
10/31/2019,202.160004,203,197.809998,201.020004,200.660156,5243300
11/1/2019,199.600006,203.889999,198.589996,202.589996,202.227325,7091000
11/4/2019,205.850006,211,204.919998,210.5,210.123184,9417900
11/5/2019,210.490005,211.539993,207.679993,209.610001,209.234756,7521700
11/6/2019,208.639999,209.669998,204.110001,207.630005,207.258301,6725300
11/7/2019,211.110001,211.699997,206.539993,208.339996,207.967026,7008500
11/8/2019,207.660004,209.050003,206.149994,207.779999,207.408035,4727500
11/11/2019,207.75,209.110001,204.279999,208.179993,207.807312,6085900
11/12/2019,209.720001,211.860001,208.309998,209.610001,209.234756,7087600
11/13/2019,208.350006,209.460007,205.899994,208.570007,208.196625,7504700
11/14/2019,208.929993,209.880005,206.520004,209.789993,209.414429,12952000
11/15/2019,209.699997,211.779999,200.639999,204.190002,203.824463,26340700
11/18/2019,203.889999,213.350006,203.770004,212.279999,211.899979,14364700
11/19/2019,211.029999,211.979996,205.649994,207.990005,207.617676,10364100
11/20/2019,207.070007,214.550003,206.559998,211.179993,210.801941,11814700
11/21/2019,211,213.240005,209.309998,210.179993,209.803726,7209700
11/22/2019,211.089996,212.960007,209.940002,210.889999,210.512466,5602500
11/25/2019,216.039993,221.410004,215.520004,221.210007,220.813995,12661900
11/26/2019,220.5,220.690002,216.740005,217,216.611526,9631100
11/27/2019,218.669998,220.050003,217.179993,218.240005,218.010056,5394600
11/29/2019,217,218.139999,215.779999,216.740005,216.511642,3538900
12/2/2019,216.460007,217,208.639999,209.25,209.02951,9300900
12/3/2019,201.869995,207.820007,200.369995,207.660004,207.441208,11630800
12/4/2019,211.020004,211.919998,208.270004,209.419998,209.199341,6835600
12/5/2019,210.300003,210.929993,207.509995,208.740005,208.520065,4622100
12/6/2019,211.520004,213.490005,211.119995,212.169998,211.946442,5805900
12/9/2019,211.25,214.369995,210.899994,212.169998,211.946442,5297000
12/10/2019,213.380005,216.059998,211.259995,213.979996,213.754532,6409700
12/11/2019,214.399994,217.559998,214.300003,217.339996,217.111008,5844900
12/12/2019,216.179993,224.800003,215.820007,224.070007,223.833923,10108700
12/13/2019,224.190002,228.979996,221.820007,223.990005,223.753998,11367600
12/16/2019,225.899994,228.059998,224.770004,225.149994,224.912766,8024400
12/17/2019,225.899994,229.199997,225.520004,228.289993,228.049454,8029900
12/18/2019,229.690002,231.940002,229.350006,229.509995,229.268173,8588700
12/19/2019,230.899994,236,230.699997,235.460007,235.211914,11134000
12/20/2019,238.130005,240.389999,237.360001,239.369995,239.117767,15076100
12/23/2019,240.520004,241.809998,238.389999,238.820007,238.568375,8876500
12/24/2019,238.199997,239.309998,236.820007,238.619995,238.368576,3471600
12/26/2019,238.759995,240.320007,238,239.190002,238.937988,4571300
12/27/2019,239.800003,240.339996,235.809998,236.869995,236.620407,6366100
12/30/2019,235.990005,236.199997,231.059998,232.320007,232.075226,6451400
12/31/2019,230.899994,235.679993,230.130005,235.300003,235.052078,5775100
1/2/2020,238.75,239.910004,236.720001,239.910004,239.657211,5938400
1/3/2020,235.100006,237.830002,234.100006,236.070007,235.821274,5134600
1/6/2020,232.320007,237.270004,231.270004,237.059998,236.810211,6565900
1/7/2020,238.199997,241.770004,236.389999,239.929993,239.6772,7871400
1/8/2020,239.759995,242.039993,238.149994,240.380005,240.126724,6927700
1/9/2020,243.850006,245.929993,240.860001,243.020004,242.763947,6377800
1/10/2020,247.330002,248.550003,243.75,244.320007,244.062592,7907400
1/13/2020,247.660004,252.990005,246.75,251.979996,251.714493,7996000
1/14/2020,250.259995,251.279999,246.75,247.279999,247.019455,8977200
1/15/2020,247.789993,248.690002,244.529999,245.570007,245.311264,6577600
1/16/2020,247.720001,249.169998,246.779999,248.929993,248.667709,7104800
1/17/2020,249.699997,250,247.369995,249.279999,249.017334,6344800
1/21/2020,247.809998,249.289993,246.570007,247.940002,247.678757,5447900
1/22/2020,249.759995,253.589996,249,250.110001,249.846481,5981000
1/23/2020,251.720001,253.199997,248.149994,252.860001,252.593567,6112900
1/24/2020,257.5,259.5,248.300003,250.479996,250.216064,9337800
1/27/2020,238.240005,242.25,232.229996,240.199997,239.946915,11763400
1/28/2020,242.850006,249.270004,240.710007,247.970001,247.708725,7774400
1/29/2020,247.389999,248.839996,243.940002,245.539993,245.281281,6471200
1/30/2020,241.610001,246.350006,239.399994,245.809998,245.550995,7262600
1/31/2020,243.970001,244.449997,234.75,236.429993,236.180878,9260500
2/3/2020,235.699997,241.110001,235.449997,240.330002,240.076782,6398200
2/4/2020,246.029999,247.899994,244.020004,247.130005,246.869614,6788600
2/5/2020,251.990005,252.399994,247.410004,250.759995,250.495773,5205500
2/6/2020,252.139999,254.25,248.880005,254.25,253.982117,5457100
2/7/2020,252.639999,253.529999,250.570007,251.589996,251.324905,4743800
2/10/2020,252.5,263,252.300003,262.970001,262.692932,13240200
2/11/2020,267.320007,272.5,264.829987,267.890015,267.607758,15963900
2/12/2020,270.01001,272.799988,268.450012,272.540009,272.252869,9366100
2/13/2020,270.209991,273.480011,269.109985,270.779999,270.49469,13200400
2/14/2020,287.26001,294.970001,286,289.790009,289.48468,26048100
2/18/2020,285.640015,297.309998,284.859985,296.570007,296.257538,15504100
2/19/2020,301.48999,315.410004,301.48999,314.700012,314.368439,17358300
2/20/2020,312.769989,316.320007,296.350006,308.700012,308.374756,20251300
2/21/2020,304.190002,305.200012,290.660004,294.070007,293.760162,19204500
2/24/2020,270.190002,281.869995,268,273.279999,272.992065,21422900
2/25/2020,276.299988,278.790009,257.959991,262.049988,261.773865,26387400
2/26/2020,262.059998,275.450012,262,267.649994,267.367981,18693300
2/27/2020,254.899994,267,248.889999,252.600006,252.484787,22660400
2/28/2020,242.460007,272.459991,241.789993,270.070007,269.946808,28331300
3/2/2020,276.899994,277.589996,261,276.429993,276.303894,22268600
3/3/2020,278.670013,281.070007,262.459991,265.890015,265.768738,16319800
3/4/2020,270.200012,284.890015,267.200012,284.51001,284.380219,14935200
3/5/2020,276.5,283.200012,271.5,273.290009,273.165344,13508200
3/6/2020,266.079987,268.390015,258,266.040009,265.91864,12885300
3/9/2020,239.899994,259.399994,238.179993,245.440002,245.328049,15354000
3/10/2020,256.540009,261.079987,245.990005,261.079987,260.960907,14516200
3/11/2020,255.460007,256.600006,242.570007,246.470001,246.357574,12499100
3/12/2020,225.460007,236.119995,215.800003,216.309998,216.211334,20413500
3/13/2020,230.5,241.020004,219.610001,240.839996,240.730133,15870900
3/16/2020,212.410004,226.100006,194,196.399994,196.31041,18174300
3/17/2020,200.910004,220.860001,191,217.270004,217.170898,20840800
3/18/2020,200.100006,209.940002,180.679993,202.820007,202.727493,21856700
3/19/2020,201.960007,216.729996,193.389999,212.970001,212.872849,19137800
3/20/2020,219,230.320007,205.130005,205.75,205.656143,20115900
3/23/2020,205.710007,216.479996,198.520004,212.690002,212.592987,16096900
3/24/2020,229,252.660004,228.050003,249.179993,249.06633,27541100
3/25/2020,253.800003,261.820007,243.660004,245.619995,245.50795,19835800
3/26/2020,253.940002,262.220001,250,257.23999,257.12265,17402700
3/27/2020,250,263.119995,248.679993,252.729996,252.614716,15970700
3/30/2020,255.360001,265.959991,253.589996,265.589996,265.468842,15056300
3/31/2020,267.200012,275.399994,257.75,263.600006,263.479767,23749000
4/1/2020,255.649994,261.529999,241.279999,243.070007,242.959137,16422800
4/2/2020,244.240005,256,242.309998,255.470001,255.35347,16894100
4/3/2020,253.960007,255.630005,238.389999,243.910004,243.798737,16580300
4/6/2020,255.240005,269.880005,252.929993,268.399994,268.277557,18197100
4/7/2020,277.299988,278.25,257.299988,259.029999,258.911835,19613000
4/8/2020,263.410004,267.950012,260.600006,266.950012,266.828247,13561100
4/9/2020,272,272.920013,260.420013,262.950012,262.830078,13156200
4/13/2020,260.549988,270.200012,257,269.850006,269.726898,9960200
4/14/2020,275,285.320007,273.890015,283.950012,283.820496,13273700
4/15/2020,277.200012,284.170013,275.380005,280.839996,280.711884,9153700
4/16/2020,287.079987,299,286.549988,294.700012,294.565582,18640500
4/17/2020,298,298.859985,286.940002,292.320007,292.186676,13478000
4/20/2020,287.23999,293.5,285.269989,287.049988,286.919037,11234700
4/21/2020,282.309998,284.769989,267.109985,269.51001,269.387085,18379000
4/22/2020,277.230011,287.869995,275.399994,286.149994,286.01947,12118200
4/23/2020,287.839996,293.140015,283,284.01001,283.880463,10604000
4/24/2020,283.600006,289.670013,280.600006,289.589996,289.457886,8816100
4/27/2020,294.98999,303.5,294,297.079987,296.944458,11984700
4/28/2020,303,304.200012,291.140015,291.359985,291.227081,11072600
4/29/2020,296.769989,300.579987,293.75,298.459991,298.323853,9479000
4/30/2020,296.290009,298.459991,291.720001,292.279999,292.146667,9372900
5/1/2020,284.350006,288.899994,280.839996,282.779999,282.651001,8552400
5/4/2020,280.880005,291.839996,280.880005,291.290009,291.157135,7938900
5/5/2020,295.470001,300.269989,291.290009,293.73999,293.605988,9222400
5/6/2020,296.929993,302,295.410004,297.790009,297.654175,8086600
5/7/2020,303.380005,307.410004,301.320007,304.869995,304.730927,9343300
5/8/2020,307.75,312.75,306.390015,312.5,312.357452,8497700
5/11/2020,312.299988,324.5,311.149994,322.619995,322.472839,11705900
5/12/2020,324.940002,326.899994,311.709991,312.100006,311.957642,12326500
5/13/2020,316.700012,323.140015,303.790009,311.200012,311.058044,15646300
5/14/2020,313.670013,321.440002,307.5,321.220001,321.073486,15057800
5/15/2020,315.589996,340.019989,314.959991,339.630005,339.475067,24691500
5/18/2020,350.420013,356.660004,347.220001,350.01001,349.850342,19410100
5/19/2020,351.609985,363.5,350.51001,352.220001,352.059326,17933000
5/20/2020,359.640015,361.720001,355.549988,358.799988,358.636322,14688400
5/21/2020,362.059998,362.100006,349.5,351.01001,350.849884,19026700
5/22/2020,353.01001,363.720001,348.529999,361.049988,360.885284,25969100
5/26/2020,366.269989,367.269989,346.880005,348.709991,348.550934,19269500
5/27/2020,345,345.309998,319.869995,341.01001,340.854462,29397300
5/28/2020,336.48999,350.420013,335.170013,339.480011,339.325165,18372400
5/29/2020,342.179993,355.019989,339.399994,355.019989,354.858032,18648000
6/1/2020,353.329987,353.630005,347.579987,352.25,352.089325,9746900
6/2/2020,351.850006,353.48999,346.320007,353.01001,352.848969,9783000
6/3/2020,352.890015,354.649994,348,350.779999,350.619995,9136000
6/4/2020,349.119995,357.730011,347.100006,350.660004,350.660004,10607000
6/5/2020,351.779999,359.880005,348.320007,356.799988,356.799988,12043700
6/8/2020,355.089996,355.589996,347.429993,352.200012,352.200012,9693400
6/9/2020,352,364.390015,350.049988,361.839996,361.839996,11712200
6/10/2020,366.709991,380,366.140015,374.670013,374.670013,15804500
6/11/2020,366,370.450012,351.440002,351.850006,351.850006,14591300
6/12/2020,366.5,367.48999,348.130005,357.299988,357.299988,14252900
6/15/2020,352.609985,367.290009,349.75,366.950012,366.950012,10000100
6/16/2020,369,370.670013,353.549988,362.73999,362.73999,13392900
6/17/2020,364.549988,371.959991,362.809998,369.440002,369.440002,10188300
6/18/2020,369.079987,371.299988,364.579987,368.720001,368.720001,6360200
6/19/2020,369.700012,377.799988,369.089996,370.450012,370.450012,13104000
6/22/2020,372,381.25,370.929993,381.070007,381.070007,9961700
6/23/2020,382.040009,385.700012,376.299988,378,378,9377700
6/24/2020,379.049988,382.26001,365.779999,369.420013,369.420013,11234300
6/25/2020,374.230011,380.200012,367.290009,379.600006,379.600006,9401800
6/26/2020,380,380,365,366.200012,366.200012,14802100
6/29/2020,366.790009,368.179993,356,368,368,8556200
6/30/2020,372.559998,381.049988,370.660004,379.910004,379.910004,9197300
7/1/2020,380.829987,383.029999,376.519989,381.200012,381.200012,8166200
7/2/2020,385.559998,389.5,383.130005,384.48999,384.48999,9101400
7/6/2020,389.670013,396.350006,388.5,393.570007,393.570007,7897300
7/7/2020,397.850006,402.799988,394.029999,394.869995,394.869995,8945000
7/8/2020,399.75,409,398.619995,408.640015,408.640015,9137000
7/9/2020,415.209991,422.799988,409.339996,420.359985,420.359985,12363700
7/10/2020,423.549988,426.209991,415.149994,419.170013,419.170013,12441900
7/13/2020,423.799988,431.690002,401,402.089996,402.089996,11426900
7/14/2020,403,416.109985,391.420013,415.079987,415.079987,13566900
7/15/2020,416.570007,417.320007,402.230011,409.089996,409.089996,10099600
7/16/2020,400.600006,408.269989,395.820007,405.390015,405.390015,8624100
7/17/2020,409.019989,409.940002,403.51001,408.059998,408.059998,6657100
7/20/2020,410.970001,421.25,406.269989,420.429993,420.429993,7121300
7/21/2020,420.519989,422.399994,411.470001,413.140015,413.140015,6941700
7/22/2020,414.700012,424.100006,411.660004,417.549988,417.549988,9182300
7/23/2020,418,421.880005,401.25,405.190002,405.190002,10291500
7/24/2020,395,414.589996,391.079987,407.779999,407.779999,11832300
7/27/2020,409.290009,417.670013,408.709991,416.859985,416.859985,7303300
7/28/2020,414.970001,415.279999,408.369995,408.619995,408.619995,6790900
7/29/2020,415.630005,420.649994,413.880005,418.619995,418.619995,7112700
7/30/2020,415,424.920013,411.809998,424.559998,424.559998,7722000
7/31/2020,422.529999,430.660004,417.320007,424.589996,424.589996,9657200
8/3/2020,429.299988,443.950012,428.609985,440.410004,440.410004,10318000
8/4/2020,442,449.109985,436.23999,449.109985,449.109985,7758400
8/5/2020,449.76001,454.869995,446.649994,451.470001,451.470001,6262500
8/6/2020,453.98999,454.320007,447.149994,453.420013,453.420013,6107900
8/7/2020,452.5,460.190002,441.5,447.980011,447.980011,8555400
8/10/2020,453.369995,456.329987,434.26001,446.600006,446.600006,10694900
8/11/2020,442.950012,445.470001,431.829987,434,434,8862800
8/12/2020,439.630005,458.679993,438.329987,457.609985,457.609985,11623600
8/13/2020,461.839996,468.869995,454.230011,457.720001,457.720001,9361500
8/14/2020,461.200012,468.190002,457.619995,462.559998,462.559998,9160900
8/17/2020,474.049988,496.390015,472.690002,493.480011,493.480011,15532500
8/18/2020,498,499.839996,483.450012,490.429993,490.429993,12586200
8/19/2020,491.859985,492.600006,483.920013,485.540009,485.540009,15565600
8/20/2020,479,495,475.149994,485.640015,485.640015,23034700
8/21/2020,488.070007,512.349976,487.809998,507.339996,507.339996,24996700
8/24/2020,515.349976,516.5,500.299988,508.809998,508.809998,12264100
8/25/2020,505.230011,510.450012,502.950012,510,510,7226900
8/26/2020,511.970001,514.73999,507.109985,510.920013,510.920013,8031100
8/27/2020,511.26001,514,502.660004,505.130005,505.130005,7940100
8/28/2020,507,525.919983,505.700012,525.909973,525.909973,13429000
8/31/2020,527.309998,543,521.51001,534.97998,534.97998,12494400
