timestamp,open,high,low,close,volume
7/17/2020 4:45,247.02,247.02,247.02,247.02,109
7/17/2020 6:30,246,246,246,246,199
7/17/2020 7:15,247,247,247,247,942
7/17/2020 7:30,247,247,246.5,246.5,500
7/17/2020 7:45,246.5,246.5,246.17,246.17,503
7/17/2020 8:15,246.875,247.4499,246.14,247.4499,16815
7/17/2020 8:30,246.17,247.45,246.17,247.27,2247
7/17/2020 8:45,246.3234,246.35,245.8,245.8,2657
7/17/2020 9:00,245.2,245.5,245.2,245.2,1419
7/17/2020 9:15,245.8,246.56,245.72,246.56,8798
7/17/2020 9:30,246.89,247.45,246.51,246.51,9612
7/17/2020 9:45,247.17,250.9368,245.91,246.56,405872
7/17/2020 10:00,246.3,247.34,245.1,246.35,277073
7/17/2020 10:15,246.3784,246.8299,244.4755,244.4755,266400
7/17/2020 10:30,244.52,244.99,241.89,242.3477,319294
7/17/2020 10:45,242.375,243.44,241.77,241.77,241211
7/17/2020 11:00,241.75,244.75,241.29,243.6,295456
7/17/2020 11:15,243.705,246.44,243.5465,245.2926,287808
7/17/2020 11:30,245.1991,247.18,245.12,246.83,206230
7/17/2020 11:45,246.9169,247.6899,246.16,246.2894,127106
7/17/2020 12:00,246.3216,247.3,245.543,247.25,137158
7/17/2020 12:15,247.25,247.43,246.01,246.43,194092
7/17/2020 12:30,246.31,247.34,245.83,247.1401,115435
7/17/2020 12:45,247.26,248.126,246.885,247.7079,165446
7/17/2020 13:00,247.75,247.815,246.29,246.77,107540
7/17/2020 13:15,246.6201,246.6945,245.5,245.64,93070
7/17/2020 13:30,245.585,246.3638,245.12,245.615,90075
7/17/2020 13:45,245.64,245.95,244.65,244.96,109168
7/17/2020 14:00,245.04,246.11,244.66,245.91,86602
7/17/2020 14:15,245.8755,247.62,245.8755,247.26,115233
7/17/2020 14:30,247.31,247.39,247,247.23,68610
7/17/2020 14:45,247.25,247.6,246.445,247.39,102674
7/17/2020 15:00,247.5,247.81,246.71,246.745,97953
7/17/2020 15:15,246.7287,246.85,246.215,246.78,89985
7/17/2020 15:30,246.85,247.16,246.36,246.4799,108721
7/17/2020 15:45,246.48,246.75,246.25,246.46,133818
7/17/2020 16:00,246.4401,246.73,246.02,246.55,238892
7/17/2020 16:15,246.54,247,245.8955,247,27221
7/17/2020 16:30,246.88,246.88,246.5,246.5,495
7/17/2020 17:00,246.59,246.59,246.59,246.59,100
7/17/2020 17:30,246.9,246.9,246.3,246.3,455
7/17/2020 18:30,246.23,246.23,246.23,246.23,246
7/17/2020 18:45,246.35,246.35,246.35,246.35,100
7/17/2020 19:15,246.2,246.2,246.2,246.2,1135
7/17/2020 19:30,245.88,245.88,245.88,245.88,217
7/17/2020 19:45,246,246,245.16,245.16,818
7/17/2020 20:00,245.95,246,245,245.1,2198
7/20/2020 4:15,244.6,244.6,242.99,242.99,1541
7/20/2020 5:00,243.74,243.74,243.74,243.74,114
7/20/2020 7:15,244,244,243.5,243.68,1069
7/20/2020 7:30,243.06,244,243.06,244,1380
7/20/2020 7:45,244.64,244.82,244.64,244.82,1333
7/20/2020 8:00,245.4,245.4,244.55,244.55,683
7/20/2020 8:15,243,245,243,244,3571
7/20/2020 8:30,244.3999,244.4,244.2001,244.4,924
7/20/2020 8:45,244.5,245,244.5,245,1461
7/20/2020 9:00,244.6,244.9,244.5,244.58,3398
7/20/2020 9:15,244.7,245.0054,244.7,245.0054,1414
7/20/2020 9:30,245.3701,245.74,245.2,245.74,1461
7/20/2020 9:45,246.4865,254,245.99,253.83,582802
7/20/2020 10:00,253.7,257.91,252.88,257.38,622339
7/20/2020 10:15,257.23,259.44,256.21,257.8551,473194
7/20/2020 10:30,257.99,260.88,257.12,259.92,496899
7/20/2020 10:45,260.09,261.31,257.9,260.75,397684
7/20/2020 11:00,260.5683,260.94,257.835,258.5,268816
7/20/2020 11:15,258.54,259.1342,256.72,258.745,288272
7/20/2020 11:30,258.775,260.34,258.62,260.28,286745
7/20/2020 11:45,260.28,261.31,260.02,261.25,259223
7/20/2020 12:00,261.31,264.33,261.0962,264.27,593893
7/20/2020 12:15,264.44,269.27,264.09,269.112,1010981
7/20/2020 12:30,269.1794,269.54,267.33,267.85,668037
7/20/2020 12:45,267.8,269.93,267.58,269.625,335150
7/20/2020 13:00,269.64,269.86,268.5271,269.7401,301629
7/20/2020 13:15,269.86,271.35,269.3501,269.36,444247
7/20/2020 13:30,269.3896,269.48,267.77,268.07,277989
7/20/2020 13:45,267.99,268.7,266.96,267.065,207897
7/20/2020 14:00,267,267.52,264.27,264.5,338322
7/20/2020 14:15,264.44,267,264.44,266.5399,218895
7/20/2020 14:30,266.4,266.8149,264.75,265.59,167110
7/20/2020 14:45,265.6399,267.97,265.3427,266.91,209477
7/20/2020 15:00,266.9033,267.88,266.36,267.4601,117810
7/20/2020 15:15,267.4658,268.78,266.63,268.6957,172212
7/20/2020 15:30,268.64,268.75,266.61,267.275,219051
7/20/2020 15:45,267.2726,268.41,266.96,267.5666,209687
7/20/2020 16:00,267.56,269.2,267.06,268.58,436834
7/20/2020 16:15,268.58,269.17,267.6,267.6,25083
7/20/2020 16:30,267.5,268,267.5,268,928
7/20/2020 16:45,268,268.7442,268,268.7442,533
7/20/2020 17:00,268.5842,268.5842,268,268,1158
7/20/2020 17:15,267.8,267.88,267.6,267.88,1036
7/20/2020 17:30,267.6,268,267.6,268,775
7/20/2020 17:45,268,268.36,268,268.24,816
7/20/2020 18:00,268.49,268.5,268.35,268.35,794
7/20/2020 18:15,268.06,268.06,268.06,268.06,103
7/20/2020 18:45,268.07,268.07,268.07,268.07,200
7/20/2020 19:00,268.01,268.01,267.71,267.71,487
7/20/2020 19:15,267.66,268,267.66,268,404
7/20/2020 19:30,268,268,267.75,267.75,894
7/20/2020 19:45,267.75,268,267.66,267.75,2394
7/20/2020 20:00,267.88,267.88,267.88,267.88,491
7/21/2020 4:15,267.91,267.91,267.91,267.91,104
7/21/2020 4:45,272.45,272.45,270,270,990
7/21/2020 6:30,271.6,271.6,271.6,271.6,281
7/21/2020 7:00,271.49,271.49,271.29,271.29,827
7/21/2020 7:15,270.52,271.25,270.35,271,7443
7/21/2020 7:45,270.92,270.92,270.23,270.23,1050
7/21/2020 8:00,270.4,270.4,270.2,270.2,487
7/21/2020 8:15,270.9805,271.3499,270.2,270.8,9630
7/21/2020 8:30,270.9,271.5,270.9,271.03,3911
7/21/2020 8:45,271,271,270.7,270.7,2223
7/21/2020 9:00,270.5,270.7,270,270.08,3990
7/21/2020 9:15,270.01,270.4256,267.4,268.5,13014
7/21/2020 9:30,268.33,268.83,268,268.83,5252
7/21/2020 9:45,268.75,269.75,260.57,262.2468,730197
7/21/2020 10:00,262.33,264.24,260.63,262.78,330603
7/21/2020 10:15,262.6,264.69,261.93,263.686,222091
7/21/2020 10:30,263.72,265.8,263.55,264.8575,230105
7/21/2020 10:45,264.8579,265.19,261.3855,262.13,213616
7/21/2020 11:00,261.53,262.69,260.83,261.5601,204596
7/21/2020 11:15,261.6,262.73,260.6,261.8778,164615
7/21/2020 11:30,262.17,262.4449,261.4,261.9,128174
7/21/2020 11:45,262,262.41,260.7,260.83,135287
7/21/2020 12:00,261.06,261.2767,258.2,259.38,363152
7/21/2020 12:15,259.4193,260.2975,258.5,260.025,131265
7/21/2020 12:30,260.11,260.77,259.33,259.765,220766
7/21/2020 12:45,259.62,259.79,258.38,259.74,118327
7/21/2020 13:00,259.7,260.98,259.175,260.98,88919
7/21/2020 13:15,260.87,261.389,260.16,260.2906,119133
7/21/2020 13:30,260.47,262,260.0201,261.755,95319
7/21/2020 13:45,261.735,262.01,261.02,261.5399,75188
7/21/2020 14:00,261.54,262.09,261,261.1,100574
7/21/2020 14:15,261.1,262.146,261.035,261.615,87498
7/21/2020 14:30,261.6773,261.715,260.92,261.5,64462
7/21/2020 14:45,261.53,261.6,260.3449,260.49,73776
7/21/2020 15:00,260.4101,260.9658,260.14,260.27,63619
7/21/2020 15:15,260.14,260.7,258.78,259.51,124877
7/21/2020 15:30,259.38,259.96,258.65,259.59,160104
7/21/2020 15:45,259.57,260.09,258.91,260.09,126958
7/21/2020 16:00,260.01,260.66,259.17,260.44,260446
7/21/2020 16:15,260.44,260.5,260.1502,260.5,11171
7/21/2020 16:30,260.21,260.21,260.21,260.21,502
7/21/2020 16:45,260.5,260.5,260.44,260.44,423
7/21/2020 17:00,260.2224,260.25,260.2,260.2,1099
7/21/2020 17:15,260,260,260,260,396
7/21/2020 17:30,260,260,260,260,193
7/21/2020 17:45,260.48,260.48,260.48,260.48,155
7/21/2020 18:15,260.49,260.49,260.49,260.49,500
7/21/2020 18:30,260.5,260.5,260.2,260.2,699
7/21/2020 18:45,260.5,260.5,260.5,260.5,175
7/21/2020 19:00,261,261.34,261,261.34,730
7/21/2020 19:15,260.26,260.26,260.26,260.26,630
7/21/2020 19:30,260.6,260.6,260.6,260.6,120
7/21/2020 20:00,261.2,261.2,261.2,261.2,100
7/22/2020 4:15,259.5,259.5,259.5,259.5,103
7/22/2020 4:30,257,257,257,257,294
7/22/2020 6:30,259.4,260.3,259.4,260.3,933
7/22/2020 7:15,261,261.14,257,261,2374
7/22/2020 7:30,261.61,261.61,261.39,261.4,1310
7/22/2020 7:45,261.05,261.35,261.05,261.35,324
7/22/2020 8:00,261.4,261.5,261.4,261.5,969
7/22/2020 8:15,261.11,261.95,260.7001,261.8498,18523
7/22/2020 8:30,261.68,261.68,260.99,260.99,1137
7/22/2020 8:45,261,261.68,261,261.68,596
7/22/2020 9:00,261.5999,261.5999,260,260.44,1528
7/22/2020 9:15,260.44,261.53,260.44,261.53,9962
7/22/2020 9:30,261.04,262,260,261.02,7339
7/22/2020 9:45,261.95,265.4,261.03,263.8667,416216
7/22/2020 10:00,263.87,265.32,263.17,264.105,306706
7/22/2020 10:15,264.105,265.265,261.77,261.925,294002
7/22/2020 10:30,261.84,263.35,261.77,262.035,152928
7/22/2020 10:45,262.1699,262.4541,258.58,258.74,213824
7/22/2020 11:00,258.95,259.42,255.81,256.8,337483
7/22/2020 11:15,256.73,258.5,256.41,256.9855,220137
7/22/2020 11:30,257.09,260.82,256.9,260.18,166659
7/22/2020 11:45,260.24,261.2,259.81,260.68,124721
7/22/2020 12:00,260.8,260.99,259.63,260.78,101923
7/22/2020 12:15,260.89,261.5,260.21,260.96,131857
7/22/2020 12:30,261.02,261.24,260.4243,260.8,48265
7/22/2020 12:45,260.88,261,259.605,260.165,69964
7/22/2020 13:00,260.2391,262.12,260.01,261.31,663758
7/22/2020 13:15,261.31,261.3378,260.52,260.8319,71745
7/22/2020 13:30,260.885,261.54,260.7901,261,92650
7/22/2020 13:45,260.92,261.13,260.211,260.76,61676
7/22/2020 14:00,260.69,260.7199,258.95,259.43,107444
7/22/2020 14:15,259.78,260.65,259.705,260.255,65276
7/22/2020 14:30,260.19,260.99,260.19,260.99,73054
7/22/2020 14:45,260.92,261.24,260.21,260.69,82542
7/22/2020 15:00,260.705,260.75,260.1291,260.21,51461
7/22/2020 15:15,260.34,260.8,259.3,260.53,99200
7/22/2020 15:30,260.47,260.7529,260,260.18,103641
7/22/2020 15:45,260.28,261.58,260.24,261.3,115075
7/22/2020 16:00,261.33,262.05,260.87,261.13,226016
7/22/2020 16:15,261.18,261.18,260.76,261.18,80245
7/22/2020 16:30,261,261,261,261,757
7/22/2020 16:45,261.0002,261.85,261.0002,261.7,1704
7/22/2020 17:00,261.5022,261.5022,261.4999,261.5,495
7/22/2020 17:15,261.246,261.246,261.246,261.246,108
7/22/2020 18:00,261.18,261.18,261,261,905
7/22/2020 18:15,260.97,260.97,260.97,260.97,405
7/22/2020 18:30,261.2,261.2,261.2,261.2,247
7/22/2020 18:45,261.2,261.2,261.2,261.2,153
7/22/2020 19:00,261.27,261.27,261.27,261.27,263
7/22/2020 19:15,261.18,261.41,261.18,261.41,300
7/22/2020 20:00,261.5,261.5,261.2,261.2,944
7/23/2020 5:00,261,261,261,261,152
7/23/2020 7:15,262.9,262.9,261.97,261.97,490
7/23/2020 7:30,262.69,262.69,262.37,262.37,491
7/23/2020 7:45,262.27,262.27,262.27,262.27,200
7/23/2020 8:15,262.9666,262.9666,262.43,262.45,1333
7/23/2020 8:30,262.45,262.45,262.45,262.45,673
7/23/2020 8:45,262.4,262.4,262.4,262.4,110
7/23/2020 9:00,262.1416,262.17,262.08,262.13,3538
7/23/2020 9:15,262.13,262.2,260.5,260.59,10903
7/23/2020 9:30,260.25,261,260.25,260.84,3412
7/23/2020 9:45,260.84,263.61,256.71,263.52,438570
7/23/2020 10:00,263.53,264.9,261.15,261.935,330195
7/23/2020 10:15,261.79,262.45,258.86,259.55,269276
7/23/2020 10:30,259.4748,261.7,259.37,261.4429,147036
7/23/2020 10:45,261.291,262,260.65,260.7101,116859
7/23/2020 11:00,260.71,261.74,259.62,260.395,114269
7/23/2020 11:15,260.4812,261.25,258.99,260.61,134218
7/23/2020 11:30,260.795,260.795,259.11,259.16,104844
7/23/2020 11:45,259.38,260.55,258.94,259.5281,73099
7/23/2020 12:00,259.64,259.64,258.19,258.9,88765
7/23/2020 12:15,258.89,259.005,256.5501,258.481,152656
7/23/2020 12:30,258.335,258.37,255.9,256.135,117901
7/23/2020 12:45,256.04,256.445,253.45,254.6,240760
7/23/2020 13:00,254.685,255.3495,252.9,255.13,152357
7/23/2020 13:15,255.1301,256.9,254.89,256.4593,166499
7/23/2020 13:30,256.49,256.71,254.08,254.31,104666
7/23/2020 13:45,254.21,254.64,252.0501,252.45,136361
7/23/2020 14:00,252.45,253.17,251.12,252.39,150527
7/23/2020 14:15,252.34,252.35,250.22,251.0383,169778
7/23/2020 14:30,250.8813,252,249.21,251.79,209933
7/23/2020 14:45,251.77,252.76,251,251.8,137975
7/23/2020 15:00,251.69,252.38,251.35,251.99,92557
7/23/2020 15:15,252.05,252.2684,250.3801,250.8,119691
7/23/2020 15:30,250.5,251.6,250,251.015,143762
7/23/2020 15:45,251.085,251.6,250.26,251.12,164022
7/23/2020 16:00,251.05,251.6,250.37,251.29,361546
7/23/2020 16:15,251.5,251.99,251,251.99,18479
7/23/2020 16:30,251.9,251.9,251.9,251.9,124
7/23/2020 16:45,252,252,251,251,7321
7/23/2020 17:00,251.3694,251.3694,251.3694,251.3694,159
7/23/2020 17:15,251.1451,251.1451,251.1451,251.1451,246
7/23/2020 17:30,251,251,251,251,300
7/23/2020 17:45,251.4922,251.4922,251.4922,251.4922,215
7/23/2020 18:00,251.2747,251.2747,251.2747,251.2747,200
7/23/2020 18:15,251.5,252,251.5,252,352
7/23/2020 18:30,251.6,252,251.6,252,607
7/23/2020 18:45,252,252,252,252,565
7/23/2020 19:00,251.8,251.8,251.8,251.8,125
7/23/2020 19:15,251.6,251.8,251.6,251.8,379
7/23/2020 19:30,251.76,251.76,251.5,251.5,362
7/23/2020 19:45,251.2,251.2,251.2,251.2,818
7/23/2020 20:00,251.75,251.8,251.75,251.8,1336
7/24/2020 4:15,247,247,245,245,922
7/24/2020 5:45,245.5,245.5,245.22,245.22,625
7/24/2020 6:45,246.5,246.5,246.5,246.5,200
7/24/2020 7:15,247.5,249,247.5,248,2663
7/24/2020 7:30,248.01,248.01,248,248,1208
7/24/2020 7:45,247.1,247.1,246.56,246.56,1633
7/24/2020 8:00,246.56,246.56,245.52,245.75,2868
7/24/2020 8:15,247,249.37,245.57,246.09,18976
7/24/2020 8:30,246.4999,247,246.0044,246.0044,4182
7/24/2020 8:45,246.1,247,245.635,246.5,2271
7/24/2020 9:00,245.89,247.8514,245.89,247.0602,3057
7/24/2020 9:15,247.0403,247.05,246,246.3501,4940
7/24/2020 9:30,246.4608,247.1802,246,246,2931
7/24/2020 9:45,246.2,246.9965,237.2,241.93,750087
7/24/2020 10:00,241.715,242.9302,239,242.29,393543
7/24/2020 10:15,242.445,243.4,239.41,239.5,395868
7/24/2020 10:30,239.5,245.49,239.5,244.23,333022
7/24/2020 10:45,244.295,244.9399,242.25,244.3601,196317
7/24/2020 11:00,244.675,248.2969,244.3827,247.86,236205
7/24/2020 11:15,247.845,248.305,246.05,246.79,164149
7/24/2020 11:30,246.84,250.21,245.23,249.265,209156
7/24/2020 11:45,249.265,249.5714,246.5116,247.65,175917
7/24/2020 12:00,247.658,248.11,246.2,248.1,95753
7/24/2020 12:15,248.19,248.3,244.7901,245,91039
7/24/2020 12:30,244.6977,246.57,244.6,246.5064,87875
7/24/2020 12:45,246.5081,246.5279,245.34,245.41,60673
7/24/2020 13:00,245.7699,246.22,244.96,245.3332,54232
7/24/2020 13:15,245.29,246,243.3,243.31,61638
7/24/2020 13:30,243.58,245.0533,243.41,245.0415,63363
7/24/2020 13:45,245,246.0834,244.51,245.61,77478
7/24/2020 14:00,245.7804,246.88,245.62,246.18,56488
7/24/2020 14:15,246.3,247.3952,246.075,246.7,81090
7/24/2020 14:30,246.71,247.4,246.26,247.4,50627
7/24/2020 14:45,247.365,247.55,246.1701,246.795,66963
7/24/2020 15:00,246.785,246.965,246,246.6571,56649
7/24/2020 15:15,246.57,247.2,246.13,246.99,57430
7/24/2020 15:30,247,247.0637,246.41,246.55,55688
7/24/2020 15:45,246.43,246.7799,245.76,246.045,84063
7/24/2020 16:00,246.1229,246.86,245.63,246.71,182075
7/24/2020 16:15,246.56,247.6,245.51,247.6,11495
7/24/2020 16:45,247.05,247.45,247.05,247.25,614
7/24/2020 17:00,246.99,247,246.99,247,714
7/24/2020 17:15,246,246,246,246,510
7/24/2020 17:30,246.58,246.58,246.51,246.51,250
7/24/2020 17:45,246.66,246.66,246.66,246.66,300
7/24/2020 18:00,246.43,246.43,246.25,246.25,541
7/24/2020 18:15,245.97,245.97,245,245.8,2171
7/24/2020 18:30,245.65,245.65,245.65,245.65,101
7/24/2020 18:45,246.45,246.48,246.45,246.48,362
7/24/2020 19:00,246.49,246.49,245.01,245.25,1063
7/24/2020 19:15,245.85,245.85,245.85,245.85,120
7/24/2020 19:30,245.22,245.32,245.2,245.2,528
7/24/2020 19:45,245,245.88,245,245.22,622
7/24/2020 20:00,245,245,245,245,328
7/27/2020 6:45,247.75,247.75,247.75,247.75,250
7/27/2020 7:15,248.12,249.5,247.7,249.5,3673
7/27/2020 7:30,249.97,249.97,249.5,249.5,1300
7/27/2020 7:45,249.41,249.41,249.04,249.04,500
7/27/2020 8:00,249.35,249.35,249,249,420
7/27/2020 8:15,250,250,248.7899,249.9,2870
7/27/2020 8:30,249.9,249.9,248.5,248.5,1320
7/27/2020 8:45,248.876,248.9569,248.5,248.9569,4600
7/27/2020 9:00,248.9887,249,248.8,249,1491
7/27/2020 9:15,248.9899,249.23,248.9899,249.23,3190
7/27/2020 9:30,249.75,249.9,249.23,249.32,3894
7/27/2020 9:45,249.28,251.762,246.49,249.8452,366721
7/27/2020 10:00,250,251.36,249.25,250.1606,136025
7/27/2020 10:15,250.4345,251.698,249.4307,249.84,151029
7/27/2020 10:30,249.91,251.19,249.25,250.43,111823
7/27/2020 10:45,250.5,252.5,250.3,252.2531,154335
7/27/2020 11:00,252.2,252.85,250.67,251.35,177244
7/27/2020 11:15,251.24,251.35,248.8101,249.085,106896
7/27/2020 11:30,249.033,249.68,247.25,247.64,114595
7/27/2020 11:45,247.4941,248.5,246.22,247.7,161927
7/27/2020 12:00,247.6,249.63,247.395,249.3,115844
7/27/2020 12:15,249.2839,250.57,248.7699,250.505,75677
7/27/2020 12:30,250.4961,250.59,249.3101,249.6,60910
7/27/2020 12:45,249.735,250.85,248.9,250.6,61682
7/27/2020 13:00,250.395,250.9058,249.9,250.85,53345
7/27/2020 13:15,250.8089,251.0692,250.2537,250.6987,65321
7/27/2020 13:30,250.705,250.8699,250.3801,250.484,46702
7/27/2020 13:45,250.4,250.727,249.445,250.64,74916
7/27/2020 14:00,250.69,251.8,250.313,251.8,108542
7/27/2020 14:15,251.755,252.21,251.27,251.5,86562
7/27/2020 14:30,251.64,252.4,251.34,251.99,77612
7/27/2020 14:45,252.01,252.5,251.77,252.07,101045
7/27/2020 15:00,252.0999,252.29,251,251.3688,93223
7/27/2020 15:15,251.435,252.97,251.3622,252.685,176125
7/27/2020 15:30,252.4701,252.88,252.01,252.51,76360
7/27/2020 15:45,252.5,252.78,251.65,251.96,119171
7/27/2020 16:00,251.86,252.32,250.63,252.32,315974
7/27/2020 16:15,252.33,252.437,251.98,252,14572
7/27/2020 16:30,252.4899,252.4899,252.4899,252.4899,100
7/27/2020 17:15,252,252,252,252,392
7/27/2020 19:15,252.5,252.5,252.5,252.5,587
7/27/2020 20:00,252.76,252.76,252.76,252.76,115
7/28/2020 6:45,252.33,252.33,252.33,252.33,100
7/28/2020 7:15,253.11,253.11,252.77,252.77,207
7/28/2020 7:30,252.17,253.24,252.17,252.8,1432
7/28/2020 7:45,252.86,252.89,252.6,252.6,1145
7/28/2020 8:15,252.17,253.6416,251.86,251.86,17190
7/28/2020 8:30,251.8513,251.8513,251.8513,251.8513,303
7/28/2020 9:00,252.6378,252.6378,252.6378,252.6378,120
7/28/2020 9:15,252.87,253.9511,252.87,253.5,4312
7/28/2020 9:30,253.75,253.75,253,253.2,2848
7/28/2020 9:45,252.7,256.61,251.32,256.51,347451
7/28/2020 10:00,256.53,258.23,254.51,255.9,321355
7/28/2020 10:15,255.93,256.77,254.5401,255.22,183184
7/28/2020 10:30,255.5,257.94,255.01,257.36,180400
7/28/2020 10:45,257.21,257.5,256.07,256.79,117140
7/28/2020 11:00,256.6643,257.95,256.02,257.7629,102623
7/28/2020 11:15,257.97,258,256.49,257.26,95277
7/28/2020 11:30,257.3655,257.6468,256.25,257.6468,74623
7/28/2020 11:45,257.75,258.91,257.25,258.36,149604
7/28/2020 12:00,258.3099,258.45,256.85,256.88,172682
7/28/2020 12:15,256.95,257.1586,255.75,257.1222,126100
7/28/2020 12:30,257.02,257.65,256.58,257.1,123288
7/28/2020 12:45,257.1,257.85,256.3501,257.695,75342
7/28/2020 13:00,257.5783,258.32,257.44,257.74,64839
7/28/2020 13:15,257.9,258.16,256.75,256.9841,58478
7/28/2020 13:30,256.99,257.3299,255.8001,255.9162,103781
7/28/2020 13:45,255.9299,256.7499,255.57,255.6,72720
7/28/2020 14:00,255.61,256.79,255.61,256.25,51658
7/28/2020 14:15,256.33,256.33,254.5,254.785,93802
7/28/2020 14:30,254.785,255.5623,254.27,254.4099,45669
7/28/2020 14:45,254.2801,254.32,253.16,253.4382,103184
7/28/2020 15:00,253.555,254.64,253.555,254.0038,53498
7/28/2020 15:15,253.88,254.2,252.41,252.49,65252
7/28/2020 15:30,252.565,253.12,252.11,252.95,55228
7/28/2020 15:45,252.92,253.17,252,252.18,77784
7/28/2020 16:00,252.33,252.99,251.88,252.17,169833
7/28/2020 16:15,252.18,252.18,251.0101,252,146838
7/28/2020 16:30,252.18,252.3,252.1,252.1,829
7/28/2020 16:45,252.3,252.3,251.17,251.17,1139
7/28/2020 17:00,251.45,251.45,251.45,251.45,230
7/28/2020 17:15,251.45,251.45,251.45,251.45,200
7/28/2020 18:15,252.6,252.7,252.3,252.3,423
7/28/2020 19:45,252.7,252.7,252.7,252.7,100
7/28/2020 20:00,252.19,252.7,252.19,252.3,455
7/29/2020 7:15,253,254,253,254,785
7/29/2020 7:45,254.49,254.49,254.49,254.49,500
7/29/2020 8:00,254.8,255.1,254.42,254.42,1482
7/29/2020 8:15,254,255.45,253,255.45,14437
7/29/2020 8:30,255.45,255.45,255.0885,255.4,648
7/29/2020 8:45,255.25,255.25,254.7,255,1374
7/29/2020 9:00,254.84,254.945,254.84,254.945,270
7/29/2020 9:15,254.95,255.3447,254.2042,255.3447,784
7/29/2020 9:30,255.3364,255.57,254.3,255.2,4731
7/29/2020 9:45,255.55,259.93,255,257.2108,359180
7/29/2020 10:00,257.155,258.2399,253.8,254.59,154770
7/29/2020 10:15,254.9,257.265,254.01,254.3794,152895
7/29/2020 10:30,254.1128,256,252.55,255.51,178440
7/29/2020 10:45,255.67,257.69,255.33,256.4275,130194
7/29/2020 11:00,256.3869,256.6999,255.5,256.045,66191
7/29/2020 11:15,256.05,256.8,255.431,256.3,65114
7/29/2020 11:30,256.2901,257.67,256.23,256.7,85393
7/29/2020 11:45,256.77,257.068,255.5797,255.915,63425
7/29/2020 12:00,255.915,256.77,255.54,256.105,49138
7/29/2020 12:15,256,256,253.6,254.49,222751
7/29/2020 12:30,254.51,255.3,254.18,254.29,122144
7/29/2020 12:45,254.245,254.84,253.71,253.88,58088
7/29/2020 13:00,253.8699,253.9841,252.721,253.01,68997
7/29/2020 13:15,253.11,253.66,252,253.035,110188
7/29/2020 13:30,253.02,253.4997,252.25,252.39,69286
7/29/2020 13:45,252.23,253.55,251.75,253.1185,127995
7/29/2020 14:00,253.12,254,252.05,252.6,67065
7/29/2020 14:15,252.34,254.3399,251.62,253.715,138115
7/29/2020 14:30,253.6508,253.8199,252.32,252.685,76306
7/29/2020 14:45,252.7463,253.79,252.7463,253.71,79076
7/29/2020 15:00,253.73,253.74,251.99,251.99,95276
7/29/2020 15:15,252.09,252.6,251.15,251.87,121243
7/29/2020 15:30,251.8695,252.68,251.5,252.4,113633
7/29/2020 15:45,252.355,253.23,251.761,252.385,159142
7/29/2020 16:00,252.37,252.72,252.01,252.37,232395
7/29/2020 16:15,252.39,252.57,252.39,252.57,4356
7/29/2020 16:30,252.6695,252.9,252.39,252.84,1097
7/29/2020 16:45,252.89,252.89,252.89,252.89,103
7/29/2020 17:15,252.79,252.79,252.59,252.59,233
7/29/2020 17:30,252.5159,253,252.5159,253,1174
7/29/2020 17:45,253.35,254,253.35,254,2046
7/29/2020 18:00,253.57,253.57,253.5,253.5,446
7/29/2020 18:15,253.32,253.32,253.32,253.32,199
7/29/2020 18:30,253.6,253.6,253.6,253.6,369
7/29/2020 18:45,253.3,253.3,253.3,253.3,100
7/29/2020 19:00,253.4,253.6,253.4,253.6,984
7/29/2020 19:15,253.6,253.6,253.6,253.6,300
7/29/2020 19:30,253.6101,253.6101,253.6101,253.6101,156
7/29/2020 19:45,253.61,253.98,253.61,253.98,1027
7/29/2020 20:00,253.61,253.61,253.61,253.61,1073
7/30/2020 5:15,250.01,250.01,250,250,844
7/30/2020 5:45,250.07,250.07,250.07,250.07,146
7/30/2020 6:45,250.1,250.1,250.1,250.1,200
7/30/2020 7:15,250.9,250.9,250.5,250.5,1914
7/30/2020 8:15,250.9899,251,250.3,250.311,2460
7/30/2020 8:45,250.6,251.08,250.6,251.08,1065
7/30/2020 9:00,251,251,250.55,250.55,6141
7/30/2020 9:15,250.3,250.3,249.76,249.76,3184
7/30/2020 9:30,249.76,251.04,249.69,251.04,1430
7/30/2020 9:45,250.3135,255.12,250.3135,253.916,268010
7/30/2020 10:00,253.955,254.63,250.28,251.22,158292
7/30/2020 10:15,251.25,253.2,250.75,251.4599,133019
7/30/2020 10:30,251.5,251.68,249.5208,250.8,206776
7/30/2020 10:45,250.68,252.49,250.5,251.67,154069
7/30/2020 11:00,251.69,252.35,250.41,251.5041,136655
7/30/2020 11:15,251.555,252.98,251.36,251.945,92759
7/30/2020 11:30,251.93,253.78,251.83,253.46,98731
7/30/2020 11:45,253.67,254.6399,253.36,254.23,107816
7/30/2020 12:00,254.1636,255.5999,253.95,254.607,156574
7/30/2020 12:15,254.6258,256.1,254.405,254.86,140335
7/30/2020 12:30,254.67,256.3263,254.64,255.025,162638
7/30/2020 12:45,255.15,255.4648,254.17,255.33,88033
7/30/2020 13:00,255.25,256.15,247.331,250.39,649429
7/30/2020 13:15,249.62,250.16,239.32,242.8666,2042466
7/30/2020 13:30,243.001,248.46,242.3,247.5,967143
7/30/2020 13:45,247.565,249.2902,246.9225,247.9513,437542
7/30/2020 14:00,247.94,249.74,247.08,249.69,280829
7/30/2020 14:15,249.7499,250.07,248.41,248.7201,259701
7/30/2020 14:30,248.92,249.656,248.29,249.656,161411
7/30/2020 14:45,249.75,250.85,249.55,250.205,281836
7/30/2020 15:00,250.22,251.38,249.695,250.1665,169774
7/30/2020 15:15,250.02,250.39,249.244,250.09,130231
7/30/2020 15:30,250.08,250.55,249.62,250.225,94860
7/30/2020 15:45,250.23,250.74,249.64,249.7736,156974
7/30/2020 16:00,249.65,250.0823,249.51,250,242878
7/30/2020 16:15,250,250.54,249.58,250,8206
7/30/2020 16:30,250,250.5,249.65,250.5,2654
7/30/2020 16:45,250.5,251.22,250.4998,251.22,2218
7/30/2020 17:00,252,253.4,252,253.2,2372
7/30/2020 17:15,253,253,252.05,252.5,2134
7/30/2020 17:30,252.44,252.45,252.2,252.3,22666
7/30/2020 17:45,252.3,252.44,252.05,252.44,1531
7/30/2020 18:00,252.44,253.01,252.32,252.75,4817
7/30/2020 18:15,252.88,253.15,252.75,253.15,2374
7/30/2020 18:30,253.25,253.3,252.7501,252.7501,1799
7/30/2020 18:45,252.75,253.3,252.75,252.75,1793
7/30/2020 19:00,252.75,252.75,252.75,252.75,200
7/30/2020 19:15,253,253,253,253,235
7/30/2020 19:30,253.5,253.75,253.5,253.75,536
7/30/2020 19:45,253.9,253.9,253.9,253.9,284
7/30/2020 20:00,252.81,253.5,252.75,253,1073
7/31/2020 5:45,253,253,253,253,100
7/31/2020 7:15,253,253,252.2,252.91,1369
7/31/2020 7:30,252.7,252.7,252.7,252.7,211
7/31/2020 7:45,253.1,253.1,253.1,253.1,486
7/31/2020 8:00,253.2,253.5,253.2,253.5,546
7/31/2020 8:15,252.5866,253.75,252.42,253.6,4281
7/31/2020 8:30,253.97,255.32,253.97,255,2558
7/31/2020 8:45,254.85,254.85,254.67,254.67,926
7/31/2020 9:00,254.05,254.5,254,254.5,2709
7/31/2020 9:15,254.39,254.4353,253.5002,254,3196
7/31/2020 9:30,253.51,254.2936,253.5,253.5,1229
7/31/2020 9:45,253.5,254.5775,250.84,254.0989,307884
7/31/2020 10:00,254.155,255.11,252.81,254.355,212132
7/31/2020 10:15,254.48,254.48,249.51,250.65,219025
7/31/2020 10:30,250.61,253.2,249.82,251.725,174015
7/31/2020 10:45,251.71,253.3,251.71,252.255,93008
7/31/2020 11:00,252.5,253.1199,251.1901,252.04,145023
7/31/2020 11:15,251.99,254.25,251.825,253.7318,150658
7/31/2020 11:30,253.84,255.2,253.35,253.35,201736
7/31/2020 11:45,253.56,254.87,253.39,253.39,98009
7/31/2020 12:00,253.4799,253.9645,252.07,252.53,79001
7/31/2020 12:15,252.45,252.8,250.875,250.98,114096
7/31/2020 12:30,250.97,251.3,250.01,251.22,102997
7/31/2020 12:45,251,251.05,249.35,249.895,95882
7/31/2020 13:00,249.83,249.84,248.3601,248.8999,117140
7/31/2020 13:15,248.6994,250.21,248.69,249.5901,67852
7/31/2020 13:30,249.795,251.05,248.76,250.98,74683
7/31/2020 13:45,250.96,251.05,250,250.725,65412
7/31/2020 14:00,250.72,251.1899,250.38,250.575,56611
7/31/2020 14:15,250.52,250.93,249.89,250.1,57952
7/31/2020 14:30,250.05,251.85,249.94,251.64,96842
7/31/2020 14:45,251.61,252.17,251.4,252,64415
7/31/2020 15:00,251.86,252.58,251.8201,252.19,80428
7/31/2020 15:15,252.24,253.13,251.5,252.86,98804
7/31/2020 15:30,252.9,253.23,252.41,252.98,66079
7/31/2020 15:45,252.96,253.95,252.69,253.2964,116892
7/31/2020 16:00,253.25,253.925,253.1,253.89,196622
7/31/2020 16:15,253.91,253.91,253.91,253.91,49719
7/31/2020 16:30,253.65,253.91,253.28,253.91,527
7/31/2020 16:45,253.32,253.32,253.3,253.3,1077
7/31/2020 17:00,253.5,253.5,253.25,253.25,1544
7/31/2020 17:15,253,253.25,253,253.25,1383
7/31/2020 17:30,253.3,253.3,253.3,253.3,224
7/31/2020 17:45,253.59,253.65,253.59,253.65,1018
7/31/2020 18:00,253.63,253.65,253.63,253.65,764
7/31/2020 19:30,253.49,253.49,253.49,253.49,110
7/31/2020 19:45,253,253,253,253,181
7/31/2020 20:00,252.9,253,252.9,253,1175
8/3/2020 5:15,252.49,252.49,251.5,251.5,555
8/3/2020 5:30,251.98,251.98,251.98,251.98,196
8/3/2020 7:30,253.16,253.16,253.16,253.16,300
8/3/2020 7:45,253.89,254,253.89,254,477
8/3/2020 8:00,254,254,254,254,203
8/3/2020 8:15,254,255,253.21,255,3298
8/3/2020 8:30,254.6,256,254.1001,256,1228
8/3/2020 8:45,256.2,256.5,256,256,1508
8/3/2020 9:00,255.2,255.5,255.2,255.5,2228
8/3/2020 9:15,256,257.99,256,257.99,5280
8/3/2020 9:30,257.5,257.5,256.5,256.5,3864
8/3/2020 9:45,256.83,266.9201,256.11,266.71,1095158
8/3/2020 10:00,266.74,267.18,263.71,264.34,441542
8/3/2020 10:15,264.53,265.94,262.109,263.4378,323335
8/3/2020 10:30,263.3946,265.055,262.16,264.72,316029
8/3/2020 10:45,264.89,265.7,264.17,264.9741,192679
8/3/2020 11:00,264.91,266.26,264.45,265.38,346478
8/3/2020 11:15,265.2663,267.637,265.18,267.105,320613
8/3/2020 11:30,267.105,269.675,266.81,269.08,434648
8/3/2020 11:45,269.155,269.72,268.15,268.896,273002
8/3/2020 12:00,268.905,270,268.52,268.79,210329
8/3/2020 12:15,268.75,268.95,267.38,268.94,154253
8/3/2020 12:30,268.96,269.8646,268.38,269.63,139515
8/3/2020 12:45,269.68,270,269.23,269.5,179834
8/3/2020 13:00,269.52,269.815,268.515,269.685,135851
8/3/2020 13:15,269.6758,270.16,269.4318,269.83,119540
8/3/2020 13:30,269.7515,269.83,268.205,268.47,115094
8/3/2020 13:45,268.42,268.77,267.78,268.5964,150627
8/3/2020 14:00,268.6039,271,268.6039,270.84,254540
8/3/2020 14:15,270.9,271.1,269.43,270.7099,174495
8/3/2020 14:30,270.5839,270.5839,269.71,270.1699,130294
8/3/2020 14:45,270.1109,271.06,269.8701,270.02,135285
8/3/2020 15:00,270.07,270.59,269.21,269.98,104141
8/3/2020 15:15,269.92,270.3299,268.69,269.3328,115394
8/3/2020 15:30,269.29,269.35,268.51,268.9237,166001
8/3/2020 15:45,269.04,269.27,267.77,268.54,249540
8/3/2020 16:00,268.51,269.12,267.84,267.98,331219
8/3/2020 16:15,268,268,267.5,267.98,12094
8/3/2020 16:30,267.55,267.55,267.51,267.51,846
8/3/2020 16:45,268,268,267.95,267.95,640
8/3/2020 17:15,268.75,268.75,268.75,268.75,170
8/3/2020 17:30,267.66,268.35,267.66,268.35,1613
8/3/2020 18:15,268,268.35,268,268.35,281
8/3/2020 18:30,268.5,268.5,268.5,268.5,556
8/3/2020 19:00,268.49,268.85,268.49,268.85,1991
8/3/2020 19:15,268.68,268.68,268.68,268.68,350
8/3/2020 19:30,268.98,268.98,268.97,268.98,375
8/3/2020 19:45,268.3,269,268.3,268.6,1138
8/3/2020 20:00,268.55,268.55,268.5,268.5,1218
8/4/2020 4:15,268.36,268.36,268.36,268.36,140
8/4/2020 5:00,267.65,267.65,267.65,267.65,118
8/4/2020 6:15,266.5,266.5,266.5,266.5,157
8/4/2020 6:45,266.5,266.5,266.5,266.5,129
8/4/2020 7:15,267.14,267.14,267.12,267.12,744
8/4/2020 7:30,267,267,267,267,220
8/4/2020 7:45,267,267,267,267,362
8/4/2020 8:00,267.26,267.26,267,267,780
8/4/2020 8:15,266.5001,268,266.5,267.3399,4503
8/4/2020 8:30,267.34,267.35,267,267,1480
8/4/2020 9:00,267.06,267.65,267,267,945
8/4/2020 9:30,266.7501,267.93,266.7501,267.93,2312
8/4/2020 9:45,268,269.19,262.7,265.43,439091
8/4/2020 10:00,265.35,267,264.28,265,180506
8/4/2020 10:15,265.11,267.19,264.465,265.86,197964
8/4/2020 10:30,265.8051,266.35,264.53,264.6426,145156
8/4/2020 10:45,264.76,266.06,264.4367,265.5942,118388
8/4/2020 11:00,265.52,265.81,263.34,263.34,120830
8/4/2020 11:15,263.2,264.57,262.92,264.3524,141760
8/4/2020 11:30,264.1304,264.42,262,263.07,156724
8/4/2020 11:45,262.9,264.315,262.72,264.315,94778
8/4/2020 12:00,264.39,265.32,263.67,264.91,87343
8/4/2020 12:15,265.01,265.67,264.31,264.52,76884
8/4/2020 12:30,264.6629,265.2391,264.51,265,54999
8/4/2020 12:45,265,265.68,264.7202,265.03,65326
8/4/2020 13:00,264.8161,265.43,264.39,265.25,50931
8/4/2020 13:15,265.29,265.43,264.63,265.21,43325
8/4/2020 13:30,265.35,265.41,264.63,264.91,51112
8/4/2020 13:45,265,265.35,264.6703,265.23,48072
8/4/2020 14:00,265.175,265.295,264.15,264.15,62872
8/4/2020 14:15,264.24,265.1,264.16,264.64,57794
8/4/2020 14:30,264.675,264.9517,264.08,264.2458,44202
8/4/2020 14:45,264.12,264.2,263.03,263.81,124071
8/4/2020 15:00,263.89,264.82,263.56,264.73,62688
8/4/2020 15:15,264.625,265.005,264.4,264.525,49209
8/4/2020 15:30,264.4,265.2,264.34,264.955,67215
8/4/2020 15:45,265,266.17,264.9,266.035,136377
8/4/2020 16:00,266.01,267.9,266.0004,267.52,241628
8/4/2020 16:15,267.34,267.4998,267,267,16962
8/4/2020 16:30,267,267,267,267,717
8/4/2020 16:45,266.89,266.89,266.89,266.89,115
8/4/2020 17:00,266.5,266.5,266.5,266.5,1192
8/4/2020 17:15,266.51,266.51,266.51,266.51,150
8/4/2020 17:30,266.5,266.96,266.5,266.96,861
8/4/2020 17:45,266.8,266.8,266.8,266.8,102
8/4/2020 18:00,266.55,266.93,266.55,266.93,457
8/4/2020 19:45,265.48,265.8,265.48,265.8,493
8/4/2020 20:00,266.5,266.5,266.5,266.5,972
8/5/2020 6:30,267.42,267.42,267.42,267.42,250
8/5/2020 7:30,267.34,267.34,267.34,267.34,250
8/5/2020 7:45,267.25,267.34,267.25,267.34,923
8/5/2020 8:00,268.29,268.29,268.29,268.29,291
8/5/2020 8:15,267,268.26,267,267,14952
8/5/2020 8:30,265.7792,266.1001,265.7792,266.1001,462
8/5/2020 8:45,266.1,266.19,266.1,266.19,295
8/5/2020 9:00,266.0001,266.0001,265.15,265.15,1342
8/5/2020 9:15,265.9,265.9,265.5,265.5,586
8/5/2020 9:30,265.9,266.25,265.9,266,2908
8/5/2020 9:45,266.29,266.29,262.52,264.01,269301
8/5/2020 10:00,264.12,265.41,263.7252,265.11,126862
8/5/2020 10:15,265.01,265.9,264.58,265.02,134700
8/5/2020 10:30,264.9442,265.21,264,265.06,111133
8/5/2020 10:45,265.125,266.2,264.69,265.54,128810
8/5/2020 11:00,265.555,269.59,265.35,268.43,314415
8/5/2020 11:15,268.3296,268.8699,267.26,267.645,145527
8/5/2020 11:30,267.645,268.79,266.81,268.345,117011
8/5/2020 11:45,268.35,270.93,268.1136,270.82,197989
8/5/2020 12:00,270.97,275,270.35,274.51,487456
8/5/2020 12:15,274.5029,274.98,272.55,272.965,273584
8/5/2020 12:30,273.07,275.0939,272.63,272.875,294358
8/5/2020 12:45,272.8,273.36,271.82,271.893,135656
8/5/2020 13:00,271.8667,272.5857,271.62,272.545,88216
8/5/2020 13:15,272.545,273.26,272.41,272.934,86600
8/5/2020 13:30,273.0281,273.15,271.86,271.92,80458
8/5/2020 13:45,272,273.1,271.9301,272.1565,94583
8/5/2020 14:00,272.1447,272.24,271,271.27,123625
8/5/2020 14:15,271.42,272.56,271.38,272.32,88449
8/5/2020 14:30,272.28,272.45,271.84,272.36,85927
8/5/2020 14:45,272.32,273.95,272.21,273.845,157833
8/5/2020 15:00,273.78,274.45,273.5,273.96,129400
8/5/2020 15:15,273.92,273.95,272.26,272.77,113045
8/5/2020 15:30,272.8453,273.79,272.59,273.2601,101839
8/5/2020 15:45,273.32,273.32,271.3,271.49,162310
8/5/2020 16:00,271.5063,273.05,271.03,272.9,265280
8/5/2020 16:15,272.9,272.9,272.1,272.1,23854
8/5/2020 16:30,272,272.5,272,272.5,918
8/5/2020 16:45,272.4636,272.4636,271.2,271.2,612
8/5/2020 17:00,271.9,271.93,271.9,271.93,402
8/5/2020 17:15,271.6,271.6,271.6,271.6,210
8/5/2020 17:30,271.94,271.94,271.94,271.94,250
8/5/2020 17:45,271.6,271.8,271.6,271.8,589
8/5/2020 18:00,271.9,271.94,271.9,271.94,830
8/5/2020 18:15,271.94,271.94,271.94,271.94,116
8/5/2020 18:30,271.94,272,271.94,272,543
8/5/2020 19:15,271.96,271.96,271.96,271.96,288
8/5/2020 19:30,271.92,271.92,271.92,271.92,182
8/6/2020 7:30,272,272,272,272,130
8/6/2020 8:00,271.6,271.7,271.6,271.7,373
8/6/2020 8:15,271.618,272.9,271.05,271.05,3190
8/6/2020 8:30,271.4999,271.75,271.1,271.1,3078
8/6/2020 8:45,272.4899,272.49,272,272.49,1340
8/6/2020 9:00,272.35,274,272.35,273.35,4164
8/6/2020 9:15,273.3945,273.3945,272.4,272.4,840
8/6/2020 9:30,272.75,273,272.75,273,1127
8/6/2020 9:45,273.87,274.48,268.68,268.93,268317
8/6/2020 10:00,269.01,269.8199,267.6001,269,206719
8/6/2020 10:15,268.99,269.54,266.61,267.6732,301216
8/6/2020 10:30,267.66,269,265.2,265.7243,287154
8/6/2020 10:45,265.5767,267.22,265.06,265.76,178050
8/6/2020 11:00,265.7234,266.29,263.91,264.96,249223
8/6/2020 11:15,264.95,267.651,264.89,267.314,143070
8/6/2020 11:30,267.2942,267.2942,264.3,264.34,142698
8/6/2020 11:45,264.57,265.79,264,265.69,138293
8/6/2020 12:00,265.9,266.94,264.9,265.55,86970
8/6/2020 12:15,265.32,266.1,264.8,265.85,60369
8/6/2020 12:30,265.9243,266.5513,265.41,265.715,105535
8/6/2020 12:45,265.76,266.5,265.28,266.34,62205
8/6/2020 13:00,266.34,267.43,266.22,266.95,95729
8/6/2020 13:15,266.976,267.19,266.66,266.8653,62933
8/6/2020 13:30,266.88,267.53,266.64,266.948,58065
8/6/2020 13:45,266.99,267.35,266.44,266.4971,75581
8/6/2020 14:00,266.4309,267.23,266.1,266.98,53721
8/6/2020 14:15,266.8742,267.8399,266.8742,266.9,75045
8/6/2020 14:30,266.965,267.1292,266.33,266.95,76950
8/6/2020 14:45,266.99,268.05,266.8917,267.86,85688
8/6/2020 15:00,267.8664,268.87,267.6,268.22,77538
8/6/2020 15:15,268.357,268.63,267.69,268.31,80473
8/6/2020 15:30,268.3303,268.6,267.73,267.905,112244
8/6/2020 15:45,267.9414,268.53,267.58,268.53,170783
8/6/2020 16:00,268.458,268.7368,268.005,268.26,217724
8/6/2020 16:15,268.25,268.25,267.4367,267.8,16559
8/6/2020 16:30,267.8,267.8,267.8,267.8,302
8/6/2020 16:45,267.05,268,267,267.8,1534
8/6/2020 17:00,266.26,266.26,266.26,266.26,230
8/6/2020 17:15,266.95,266.95,266.25,266.25,1796
8/6/2020 17:30,266.15,266.15,265.55,266,1004
8/6/2020 17:45,265.55,265.55,265.55,265.55,1620
8/6/2020 18:00,266,266,266,266,421
8/6/2020 18:15,265.6,265.95,265.55,265.55,406
8/6/2020 18:30,266,266,266,266,515
8/6/2020 19:00,267,267,267,267,400
8/6/2020 19:15,266.61,267,266.61,267,365
8/6/2020 20:00,266.51,267.57,266.51,267.57,633
8/7/2020 4:15,266.25,266.25,266.25,266.25,110
8/7/2020 4:45,265,265,265,265,263
8/7/2020 5:45,264.34,264.34,264.34,264.34,100
8/7/2020 7:15,265.5,265.82,265.5,265.8,1116
8/7/2020 8:00,266.01,266.55,266.01,266.55,593
8/7/2020 8:15,266,266.89,266,266.89,1135
8/7/2020 8:30,266.5,266.5,266,266,500
8/7/2020 8:45,266.8899,267.4,266.6,266.6,5005
8/7/2020 9:00,266.6,266.6,266.1001,266.1001,835
8/7/2020 9:15,266.1,267.1875,266.1,267.1875,475
8/7/2020 9:30,266.79,267,266.5,266.5,1026
8/7/2020 9:45,266.45,266.8885,263.0751,263.99,282396
8/7/2020 10:00,264.01,267.485,263.6254,267.485,193524
8/7/2020 10:15,268,268,265.41,265.88,121531
8/7/2020 10:30,265.72,266.1447,265.0939,265.63,65594
8/7/2020 10:45,265.59,265.7973,264.16,264.48,99444
8/7/2020 11:00,264.395,266.69,264.3,266.1779,98592
8/7/2020 11:15,266.25,266.36,264.41,265.273,168357
8/7/2020 11:30,265.27,265.33,263.37,263.445,106890
8/7/2020 11:45,263.5,264.1201,262.68,262.882,234035
8/7/2020 12:00,262.9129,263.09,261,261.11,213050
8/7/2020 12:15,261.105,261.91,260.37,261.6,210623
8/7/2020 12:30,261.631,262.155,261.33,261.47,100219
8/7/2020 12:45,261.46,261.5,257.26,257.74,394667
8/7/2020 13:00,257.73,258.25,255.5017,255.851,351044
8/7/2020 13:15,255.6456,255.74,253.58,254.23,377688
8/7/2020 13:30,254.17,256.38,252.79,256.105,292053
8/7/2020 13:45,256.2,257.785,255.91,257.25,169404
8/7/2020 14:00,257.06,257.35,255.9,256.47,115937
8/7/2020 14:15,256.38,257.98,256.35,257.2575,107057
8/7/2020 14:30,257.325,257.5,254.5,254.505,152958
8/7/2020 14:45,254.61,256.83,254.42,256.01,126916
8/7/2020 15:00,256.005,257.048,255.49,256.69,97104
8/7/2020 15:15,256.6684,257.99,256.36,256.54,136213
8/7/2020 15:30,256.61,257.73,256.36,256.39,115839
8/7/2020 15:45,256.49,257.7398,256.13,257.705,142520
8/7/2020 16:00,257.67,259.23,257.32,258.73,404473
8/7/2020 16:15,258.73,259,258.73,258.9999,26800
8/7/2020 16:30,258.45,258.5,258.4,258.5,740
8/7/2020 16:45,258.8002,258.86,258.11,258.11,2092
8/7/2020 17:00,258.11,258.45,258.11,258.45,3388
8/7/2020 17:15,258.45,258.73,258.21,258.73,8938
8/7/2020 17:30,257.9901,257.9901,257.9901,257.9901,1514
8/7/2020 18:30,259,259,259,259,150
8/7/2020 19:00,258.97,259,258.97,259,997
8/7/2020 19:15,258.81,258.81,258.8,258.8,620
8/7/2020 19:30,258.99,259.34,258.99,259.34,295
8/7/2020 20:00,259.34,259.34,259.01,259.01,547
8/10/2020 4:15,259.01,259.01,259.01,259.01,115
8/10/2020 6:15,258.95,259,258.95,259,400
8/10/2020 7:15,259,259.35,259,259.34,992
8/10/2020 8:00,259.4,259.4,259.4,259.4,150
8/10/2020 8:15,259.7957,261,259.39,261,3481
8/10/2020 8:30,260.15,260.15,260,260,710
8/10/2020 8:45,259.61,259.87,259.5,259.5,1218
8/10/2020 9:00,259.15,259.5699,259.15,259.5,2744
8/10/2020 9:15,259.5,259.5,259.5,259.5,148
8/10/2020 9:30,259.2,259.2,259,259,1296
8/10/2020 9:45,259.14,261.44,255.65,255.72,315373
8/10/2020 10:00,255.7135,255.86,248.0001,249.13,515142
8/10/2020 10:15,249.14,252.13,247.1,251.56,495590
8/10/2020 10:30,251.57,251.71,248.74,250.57,221667
8/10/2020 10:45,250.762,251.005,247.7201,247.9681,202813
8/10/2020 11:00,247.915,248.77,244.54,245.95,439765
8/10/2020 11:15,246,249.87,245.5106,249.3439,176033
8/10/2020 11:30,249.32,251.67,248.82,251,195553
8/10/2020 11:45,251.1,251.82,248.76,248.76,164798
8/10/2020 12:00,248.73,249.3469,247.28,247.67,175733
8/10/2020 12:15,247.79,248.37,246,246.65,195364
8/10/2020 12:30,246.67,247.37,245.75,245.78,174805
8/10/2020 12:45,245.78,249.61,245.62,249.45,205143
8/10/2020 13:00,249.475,251.35,249.185,251.21,99287
8/10/2020 13:15,251.35,253.45,250.93,252.503,144503
8/10/2020 13:30,252.61,253.6,251.81,252.67,81482
8/10/2020 13:45,252.63,252.78,250.8,250.8,76647
8/10/2020 14:00,250.8,250.925,249.78,250.21,75446
8/10/2020 14:15,250.31,250.57,248.72,249.0144,100414
8/10/2020 14:30,249.02,249.71,248.63,249.2964,72049
8/10/2020 14:45,249.18,249.48,247.78,247.872,90779
8/10/2020 15:00,247.9335,249.88,247.1,249.24,157916
8/10/2020 15:15,249.23,250,249.125,249.6504,93312
8/10/2020 15:30,249.67,250.565,249.23,249.42,132081
8/10/2020 15:45,249.29,249.93,248.53,248.69,163109
8/10/2020 16:00,248.73,250,248.26,249.81,276320
8/10/2020 16:15,250,250.49,250,250.23,18268
8/10/2020 16:30,250.45,250.45,250.45,250.45,100
8/10/2020 16:45,250.45,250.85,250.45,250.85,3950
8/10/2020 17:00,250.01,250.01,250.01,250.01,252
8/10/2020 17:30,250.03,250.03,250.03,250.03,107
8/10/2020 18:15,250.1,250.1,250.1,250.1,359
8/10/2020 19:00,250.42,250.5,250.19,250.19,871
8/10/2020 19:30,250,250,249.37,249.37,1417
8/10/2020 20:00,249.35,249.35,249.31,249.31,744
8/11/2020 7:15,249,249,248.75,249,1586
8/11/2020 7:30,247.9,248,247.9,248,594
8/11/2020 7:45,247.95,247.95,245.11,245.11,5076
8/11/2020 8:00,245.5,246.05,245.5,245.5,1841
8/11/2020 8:15,249.88,249.88,245.043,245.043,8279
8/11/2020 8:30,245.04,245.04,244.4,244.4,4713
8/11/2020 8:45,244.69,244.7999,244.01,244.01,7366
8/11/2020 9:00,244.05,244.5,243,244,11853
8/11/2020 9:15,243.98,244.5,243.9,244,4416
8/11/2020 9:30,244,245.3,244,244.5,10215
8/11/2020 9:45,245.48,245.48,240.36,242.69,708222
8/11/2020 10:00,242.93,243.32,236.21,238.425,907905
8/11/2020 10:15,238.3,239.09,234.45,235.3,777333
8/11/2020 10:30,235.26,237.22,234,234.78,439528
8/11/2020 10:45,234.8,234.87,232.6335,234.6733,493209
8/11/2020 11:00,234.64,234.75,231.32,233.3461,501875
8/11/2020 11:15,233.39,237.7,233.28,237.67,521734
8/11/2020 11:30,237.64,238.8,235.86,238.61,362457
8/11/2020 11:45,238.65,238.6516,235.725,236.18,253674
8/11/2020 12:00,236.1902,236.835,235.25,236.19,186870
8/11/2020 12:15,236.18,238.52,236.12,238.4397,189990
8/11/2020 12:30,238.44,238.94,237.3009,238.15,179072
8/11/2020 12:45,238.175,239.28,236.85,238.87,324667
8/11/2020 13:00,238.8323,239.185,237.01,237.9,157475
8/11/2020 13:15,237.795,239,237.59,237.67,136180
8/11/2020 13:30,237.53,237.91,236.2501,237.2126,163677
8/11/2020 13:45,237.09,237.48,236.3626,236.3626,98327
8/11/2020 14:00,236.46,236.99,236.01,236.75,85267
8/11/2020 14:15,236.74,236.89,234.27,234.3263,182375
8/11/2020 14:30,234.27,234.57,232.37,232.54,424027
8/11/2020 14:45,232.595,232.7,231.4032,232.0881,469670
8/11/2020 15:00,232.04,232.59,231.33,231.86,271810
8/11/2020 15:15,231.915,233.1128,230.71,231.46,303017
8/11/2020 15:30,231.41,232.5,230.4,232.305,273968
8/11/2020 15:45,232.305,232.4336,230.88,231.52,256481
8/11/2020 16:00,231.4,231.7,230,231.04,711150
8/11/2020 16:15,231.04,235.467,230.7547,231,24993
8/11/2020 16:30,231.47,231.8,230.98,231.05,4674
8/11/2020 16:45,231.11,231.6,231.11,231.16,2551
8/11/2020 17:00,231.16,231.7,231.16,231.7,1066
8/11/2020 17:15,231.16,231.75,231.16,231.75,1546
8/11/2020 17:30,231.79,231.99,231.5,231.5,3679
8/11/2020 17:45,231.75,231.99,231.75,231.75,1080
8/11/2020 18:00,231.75,232,231.5,232,3573
8/11/2020 18:15,232,232.3,231.85,232,3078
8/11/2020 18:30,232,232.5,231.85,231.85,910
8/11/2020 18:45,231.85,231.85,231.85,231.85,262
8/11/2020 19:00,232.25,232.25,232.25,232.25,412
8/11/2020 19:15,232.4,232.84,232.4,232.84,1230
8/11/2020 19:30,232.5,232.5,232.5,232.5,309
8/11/2020 19:45,232.25,232.4,232.25,232.4,2474
8/11/2020 20:00,232.4,232.88,232.4,232.4,810
8/12/2020 4:15,232.45,232.45,232.45,232.45,343
8/12/2020 5:15,232.45,232.45,232.45,232.45,100
8/12/2020 5:45,232.45,232.45,232.45,232.45,389
8/12/2020 7:15,233.5,233.75,232.6,233.75,2584
8/12/2020 7:30,233.6,235,233.6,235,8934
8/12/2020 7:45,235.08,235.08,234.61,234.61,753
8/12/2020 8:00,234.75,234.75,234.75,234.75,388
8/12/2020 8:15,233.65,235.02,233.5,234.45,3587
8/12/2020 8:30,234.05,234.05,233.55,233.55,5921
8/12/2020 8:45,234.486,234.49,233.25,233.25,4226
8/12/2020 9:00,232.26,232.9527,232,232.9527,1486
8/12/2020 9:15,232.25,232.5,231.7116,232.5,4451
8/12/2020 9:30,232.6,233,232.22,232.28,5954
8/12/2020 9:45,232.3,236.98,230.75,235.6775,694831
8/12/2020 10:00,235.7445,239.24,235.7445,238.83,421305
8/12/2020 10:15,238.8045,239.23,235.5,236.2476,226388
8/12/2020 10:30,236.3031,237.1099,235.5,236.36,167386
8/12/2020 10:45,236.5,237.5809,235.6272,236.59,122496
8/12/2020 11:00,236.6999,237,235.73,236.96,81962
8/12/2020 11:15,236.79,237.9899,236.4531,237.865,105177
8/12/2020 11:30,237.935,238.8,236.8,237.33,171816
8/12/2020 11:45,237.42,238.9662,237.12,238.675,108049
8/12/2020 12:00,238.56,239.4,236.8,237.385,195227
8/12/2020 12:15,237.39,238.73,237.06,238.67,103509
8/12/2020 12:30,238.73,238.85,237.72,238.535,92589
8/12/2020 12:45,238.58,238.89,238.1,238.49,115046
8/12/2020 13:00,238.31,238.3899,236.6101,237.29,122737
8/12/2020 13:15,237.3,239.25,237.22,238.88,167039
8/12/2020 13:30,238.72,238.81,236.88,237.285,78710
8/12/2020 13:45,237.38,238,236.7,237.56,68232
8/12/2020 14:00,237.6545,238.5,237.55,238.445,74624
8/12/2020 14:15,238.4,238.7,237.63,237.6301,54549
8/12/2020 14:30,237.675,238.5344,237.5401,238.253,53088
8/12/2020 14:45,238.2637,238.28,237.25,237.815,47233
8/12/2020 15:00,237.815,238.34,236.9,237.07,56654
8/12/2020 15:15,237.09,237.8,236.98,237.62,73516
8/12/2020 15:30,237.6383,237.88,236.5,236.93,62218
8/12/2020 15:45,237,237.18,236.2,236.76,88398
8/12/2020 16:00,236.82,237.74,236.02,236.87,219637
8/12/2020 16:15,236.72,236.72,236.65,236.72,15531
8/12/2020 16:30,236.72,236.72,236.6002,236.6002,1419
8/12/2020 17:15,236.55,236.55,236.5,236.5,210
8/12/2020 17:30,236.26,236.72,236,236,761
8/12/2020 18:00,236,236.06,236,236,1721
8/12/2020 18:15,236.46,236.46,236.46,236.46,100
8/12/2020 18:30,236.6,236.7,236.15,236.15,859
8/12/2020 18:45,236.15,236.15,236.1,236.15,1127
8/12/2020 19:00,236.01,236.01,236,236,869
8/12/2020 19:15,235.89,235.89,235.89,235.89,200
8/12/2020 19:30,235.5,235.5,235.5,235.5,1023
8/12/2020 19:45,235.5,235.5,235.5,235.5,713
8/12/2020 20:00,236,236,235.9999,236,1231
8/13/2020 4:15,236.64,236.64,236.64,236.64,150
8/13/2020 7:15,235.8,235.89,235.21,235.89,1119
8/13/2020 7:45,236.2,236.2,236.2,236.2,290
8/13/2020 8:00,237,237,237,237,200
8/13/2020 8:15,236.45,237,236.2,236.9,4094
8/13/2020 8:30,237,237.85,237,237.42,2340
8/13/2020 8:45,237.75,238.94,237.6,238.8,2282
8/13/2020 9:00,238.8,238.95,238,238.04,2576
8/13/2020 9:15,238.2183,238.6,238,238.6,1743
8/13/2020 9:30,238.61,238.61,238.32,238.58,673
8/13/2020 9:45,238.15,245.995,238.15,245.51,686838
8/13/2020 10:00,245.75,246.1799,242.4901,246,291361
8/13/2020 10:15,245.955,246.5,244.2651,245.06,230141
8/13/2020 10:30,245.13,246.76,242.77,246.1,235626
8/13/2020 10:45,246,246.4,244.09,245.45,208581
8/13/2020 11:00,245.465,246.23,244.5,245.778,156835
8/13/2020 11:15,245.895,247.5,245.38,246.04,208449
8/13/2020 11:30,245.86,247.07,244.85,245.995,267032
8/13/2020 11:45,246.13,247.99,246.13,247.425,218735
8/13/2020 12:00,247.45,249.315,247.45,249.01,307503
8/13/2020 12:15,249.01,249.2173,247.57,248.3625,115666
8/13/2020 12:30,248.26,250.1,247.87,249.4589,198018
8/13/2020 12:45,249.395,250.03,249.3,249.67,89792
8/13/2020 13:00,249.68,249.76,247.8,248.34,137790
8/13/2020 13:15,248.345,249.05,248.2684,248.94,78132
8/13/2020 13:30,248.94,249.075,247.16,247.725,112670
8/13/2020 13:45,247.63,248.115,246.11,247.17,93886
8/13/2020 14:00,247.13,247.66,246.505,246.6935,54250
8/13/2020 14:15,246.845,247,245.38,245.865,69078
8/13/2020 14:30,245.92,245.99,243.5604,245.5234,128647
8/13/2020 14:45,245.505,246.9,245.45,246.22,103663
8/13/2020 15:00,246.33,247.2514,245.6601,246.975,94890
8/13/2020 15:15,247.18,247.5,246.51,247,78431
8/13/2020 15:30,246.91,248.23,246.64,247.85,111459
8/13/2020 15:45,247.83,247.89,246.67,246.875,86711
8/13/2020 16:00,246.83,247.27,246.12,247.25,269615
8/13/2020 16:15,247.25,247.38,247.15,247.15,8021
8/13/2020 16:30,247.0001,247.0001,247.0001,247.0001,146
8/13/2020 17:00,247.293,247.293,247.293,247.293,390
8/13/2020 17:15,247.2,247.2,247.2,247.2,222
8/13/2020 17:45,247.0142,247.0142,247.0142,247.0142,312
8/13/2020 18:15,247.2,247.3,247.2,247.3,584
8/13/2020 18:30,247.2,247.2,247.2,247.2,100
8/13/2020 19:00,247.57,247.57,247.55,247.55,442
8/13/2020 19:15,247.9399,247.9399,247.9399,247.9399,121
8/13/2020 19:45,247.95,248.6,247.95,248.6,492
8/13/2020 20:00,248.28,248.74,248.28,248.65,2368
8/14/2020 4:30,246,246,245.03,245.03,879
8/14/2020 5:45,245.35,245.35,245.35,245.35,100
8/14/2020 7:15,250,250,247.7,247.7,708
8/14/2020 7:30,248,248.99,248,248.99,800
8/14/2020 8:00,248.5,249,248.16,249,877
8/14/2020 8:15,248.7,249.84,247.5,249.69,2176
8/14/2020 8:30,249.66,250,249.65,250,2040
8/14/2020 8:45,250,251,249.9999,250.07,3094
8/14/2020 9:00,249.5,250.3,249.5,250.3,2170
8/14/2020 9:15,250,250.25,249.12,249.89,2819
8/14/2020 9:30,249.75,249.9872,248.98,249.02,3493
8/14/2020 9:45,249.44,252.4299,247.94,252.28,472404
8/14/2020 10:00,252.26,252.32,246.35,246.97,371944
8/14/2020 10:15,246.9903,247.75,244.61,245.07,353617
8/14/2020 10:30,245.2008,246.22,242.4,242.715,321699
8/14/2020 10:45,242.81,245.7,242.475,245.7,259544
8/14/2020 11:00,245.7,246.87,245.0501,246.095,144262
8/14/2020 11:15,246.095,246.1699,244.5,245.31,98020
8/14/2020 11:30,245.2,245.43,243.8,244.73,98168
8/14/2020 11:45,244.81,245.135,243.4359,243.625,68667
8/14/2020 12:00,243.68,244.12,242.4727,242.85,109282
8/14/2020 12:15,242.945,244.096,242.8649,243.27,76664
8/14/2020 12:30,243.27,244.35,243.19,243.94,88084
8/14/2020 12:45,243.985,245.27,243.8138,245.13,75270
8/14/2020 13:00,245.14,245.4816,244.375,245.33,65437
8/14/2020 13:15,245.215,245.3299,243.8,244.66,68170
8/14/2020 13:30,244.77,244.98,244.15,244.95,33986
8/14/2020 13:45,245,245.5,244.605,244.61,64740
8/14/2020 14:00,244.51,244.8422,244.12,244.8,48836
8/14/2020 14:15,244.86,244.87,243.8,244.19,62442
8/14/2020 14:30,244.1901,244.29,243.76,244.0622,44352
8/14/2020 14:45,244.1,244.64,244.0201,244.35,32628
8/14/2020 15:00,244.39,244.58,244.02,244.515,54349
8/14/2020 15:15,244.515,244.665,243.255,243.56,95670
8/14/2020 15:30,243.61,244.08,243.18,243.85,61406
8/14/2020 15:45,243.835,244.61,243.59,243.94,122075
8/14/2020 16:00,243.97,245.145,243.69,244.69,254982
8/14/2020 16:15,244.91,245.1,244.91,244.91,11598
8/14/2020 16:30,244.65,244.65,244.65,244.65,338
8/14/2020 16:45,244.9,245.1,244.87,245.04,1789
8/14/2020 17:00,245.21,245.21,244.42,244.42,1170
8/14/2020 17:30,244.72,244.72,244.23,244.23,955
8/14/2020 17:45,244.45,245,244.45,245,413
8/14/2020 18:15,244.51,244.67,244.51,244.67,281
8/14/2020 18:30,244.51,244.51,244.51,244.51,400
8/14/2020 18:45,244.9,244.9,244.9,244.9,321
8/14/2020 20:00,244.87,244.87,244.7,244.7,701
8/17/2020 4:15,245,245,245,245,106
8/17/2020 5:00,245,245,245,245,105
8/17/2020 6:00,245.95,245.95,245.95,245.95,100
8/17/2020 6:30,246.49,246.49,246.49,246.49,192
8/17/2020 7:15,246.51,246.91,246.51,246.91,990
8/17/2020 7:30,247.1,247.41,246.55,247.41,905
8/17/2020 7:45,247.41,247.71,247.41,247.71,895
8/17/2020 8:00,248.41,248.41,248.21,248.21,904
8/17/2020 8:15,247.4102,248.5,246.575,248.15,6311
8/17/2020 8:30,248.41,249,248.15,248.15,2779
8/17/2020 8:45,248.15,248.2,247.75,247.75,2258
8/17/2020 9:00,247.7503,247.997,247.5,247.5,3592
8/17/2020 9:15,248.2043,248.59,248.16,248.49,3465
8/17/2020 9:30,248,248.49,248,248.49,3553
8/17/2020 9:45,248.7,255.24,248.51,254.7793,620028
8/17/2020 10:00,254.72,258.1,254.72,256.8,520691
8/17/2020 10:15,256.945,259.789,256.5,256.8353,445420
8/17/2020 10:30,256.87,257.5409,255.27,256.5,331665
8/17/2020 10:45,256.5564,258.535,256,257.8,341450
8/17/2020 11:00,257.885,259,257.32,258.501,263118
8/17/2020 11:15,258.35,258.435,256.76,258.15,162171
8/17/2020 11:30,258.34,258.45,256.86,257.33,151386
8/17/2020 11:45,257.23,258.05,256.17,257.8,313281
8/17/2020 12:00,257.72,259.78,257.5,259.4801,298212
8/17/2020 12:15,259.48,260.65,259,259.73,315061
8/17/2020 12:30,259.9,261.95,259.72,261.77,269936
8/17/2020 12:45,261.6615,263.99,261.5,263.8999,409506
8/17/2020 13:00,263.83,264.83,263.2028,264.78,268968
8/17/2020 13:15,264.85,267.5,264.81,267.44,621514
8/17/2020 13:30,267.49,267.94,264.1,265.76,412223
8/17/2020 13:45,265.7333,267.49,265.25,267.375,487750
8/17/2020 14:00,267.44,267.83,266.425,267.7,432961
8/17/2020 14:15,267.6564,267.9,264.69,265.11,397848
8/17/2020 14:30,265.115,265.68,263.81,264,256311
8/17/2020 14:45,263.95,266.69,263.84,266.62,248333
8/17/2020 15:00,266.665,266.87,265.31,265.91,220115
8/17/2020 15:15,265.82,266.42,265.28,266.27,120745
8/17/2020 15:30,266.2001,266.42,264.74,265.915,215546
8/17/2020 15:45,265.96,266.49,264.68,266.17,203027
8/17/2020 16:00,266.14,266.66,265.8,266.14,381231
8/17/2020 16:15,266.15,266.37,266.15,266.35,14011
8/17/2020 16:30,266.5,266.5,266.15,266.15,1141
8/17/2020 16:45,266.45,266.45,266.27,266.27,1253
8/17/2020 17:00,266.5,266.5,266.25,266.35,1965
8/17/2020 17:15,266.35,266.35,266.16,266.16,1578
8/17/2020 17:30,266.45,266.5,266.3,266.3,3254
8/17/2020 17:45,266.88,266.88,266.88,266.88,204
8/17/2020 18:00,266.88,266.88,266.88,266.88,101
8/17/2020 18:15,266.78,266.78,266.78,266.78,127
8/17/2020 18:30,266.77,266.77,266.77,266.77,100
8/17/2020 18:45,266.87,266.87,266.87,266.87,201
8/17/2020 19:00,266.87,267.35,266.87,267.35,2016
8/17/2020 19:15,267,267,267,267,272
8/17/2020 19:30,267.3,267.37,266.76,267.37,2196
8/17/2020 19:45,267.27,267.27,267.27,267.27,150
8/17/2020 20:00,267.09,267.35,266.99,267.35,1211
8/18/2020 4:15,266,266,264,265,1055
8/18/2020 4:30,266.18,266.18,266.18,266.18,354
8/18/2020 4:45,266.97,267.01,266.97,267.01,519
8/18/2020 5:15,267.88,268,267.88,268,2999
8/18/2020 6:15,267.96,268.45,267.9,267.9,600
8/18/2020 6:45,268.4,270.55,268.4,270,9842
8/18/2020 7:00,270,270,270,270,382
8/18/2020 7:15,270,271.3,270,271.3,4899
8/18/2020 7:30,271.28,271.28,270,270.44,12539
8/18/2020 7:45,270.1,272,270.1,272,5722
8/18/2020 8:00,271.9,272,271,271.44,3626
8/18/2020 8:15,270.55,272,270,270.89,13701
8/18/2020 8:30,270.8,271.3,270.5,270.5,4290
8/18/2020 8:45,270.62,271.24,270.62,270.8,2806
8/18/2020 9:00,270.92,271.1,270.3,270.9425,8509
8/18/2020 9:15,270.5,271.59,270.5,271.5,8552
8/18/2020 9:30,271.65,272,271.1,272,13526
8/18/2020 9:45,271.72,275.65,268.05,270.41,1004888
8/18/2020 10:00,270.6,272.69,265.5,267.3,523342
8/18/2020 10:15,267.32,270.54,267.01,270,311633
8/18/2020 10:30,269.91,270.79,267.6448,267.84,199063
8/18/2020 10:45,267.7,270.15,267.01,270.15,190697
8/18/2020 11:00,270.2,272.5799,269.5538,272.37,278019
8/18/2020 11:15,272.34,272.78,270.92,272.01,190314
8/18/2020 11:30,272.045,273.47,271.63,273.065,166597
8/18/2020 11:45,273.05,273.78,272.31,273.28,145561
8/18/2020 12:00,273.3622,274.593,272.43,274.593,185432
8/18/2020 12:15,274.565,274.9,273.73,273.96,380980
8/18/2020 12:30,273.95,274.01,273.01,273.12,241173
8/18/2020 12:45,273.12,273.65,271.25,272.23,212845
8/18/2020 13:00,272.35,273.4,271.53,273.29,137840
8/18/2020 13:15,273.19,274.49,273,273.8699,132557
8/18/2020 13:30,273.88,274,272.8235,273.2213,130328
8/18/2020 13:45,273.3,274.28,273.2,274.25,73130
8/18/2020 14:00,274.32,274.8689,273.7301,274.69,122993
8/18/2020 14:15,274.68,274.68,273.31,273.7899,111094
8/18/2020 14:30,273.76,275,273.61,274.47,115074
8/18/2020 14:45,274.55,274.74,274.24,274.52,69783
8/18/2020 15:00,274.48,275,274.08,274.855,172880
8/18/2020 15:15,274.905,275.15,274.49,274.82,142416
8/18/2020 15:30,274.87,275.0646,273.79,274,142876
8/18/2020 15:45,274.035,275.87,274.035,275.73,260774
8/18/2020 16:00,275.7,277.78,275.58,277,601170
8/18/2020 16:15,276.8,277.73,276.15,277,13212
8/18/2020 16:30,276.8,277.2,276.8,277.2,688
8/18/2020 16:45,277.13,277.13,276.75,277.1,1677
8/18/2020 17:00,276.75,277.35,276.75,277.35,1915
8/18/2020 17:15,277.45,277.45,277.45,277.45,173
8/18/2020 17:30,277.64,277.64,277.64,277.64,525
8/18/2020 17:45,277.23,277.49,277.23,277.45,1417
8/18/2020 18:00,277.45,277.45,277.1,277.1,472
8/18/2020 18:15,277.44,277.49,277.44,277.49,964
8/18/2020 18:30,277.21,277.49,277.16,277.49,1340
8/18/2020 19:00,277.21,277.21,277.21,277.21,101
8/18/2020 19:15,277.3,277.7,277.3,277.7,1126
8/18/2020 19:30,277.7,278,277.7,277.89,1396
8/18/2020 19:45,277.7,277.7,277.7,277.7,511
8/18/2020 20:00,277.55,277.75,277.5,277.57,1708
8/19/2020 5:45,276.84,276.84,276.84,276.84,101
8/19/2020 6:30,276.85,276.85,276.85,276.85,398
8/19/2020 7:15,277.02,277.25,276.7,277.25,2352
8/19/2020 7:30,276.91,276.91,276.8,276.8,2273
8/19/2020 7:45,276,276.5,275.15,275.15,3784
8/19/2020 8:00,275,275,273.52,273.63,7438
8/19/2020 8:15,277,277.25,273.01,274.5116,14106
8/19/2020 8:30,274.5752,274.5752,273,273.11,4519
8/19/2020 8:45,273.52,274.33,273.5,274.33,3467
8/19/2020 9:00,273.93,274.88,273.8104,274.88,2398
8/19/2020 9:15,274.5001,274.8723,274.25,274.7,1701
8/19/2020 9:30,274.261,274.77,274.261,274.5,2703
8/19/2020 9:45,274.6849,279.59,272.03,276.0394,646945
8/19/2020 10:00,276.351,276.351,271.53,273.17,536051
8/19/2020 10:15,273.29,275.15,270.3221,274.44,420240
8/19/2020 10:30,274.5,276.9281,274.49,276.4513,194082
8/19/2020 10:45,276.525,276.72,273.7001,273.94,178943
8/19/2020 11:00,273.975,275.837,273.29,274.773,171144
8/19/2020 11:15,274.82,275.11,273.6133,274.2,115815
8/19/2020 11:30,274.2088,274.87,273.93,274.87,73874
8/19/2020 11:45,274.75,276.5,274.66,275.85,133614
8/19/2020 12:00,275.906,277.197,275.42,277.0417,130249
8/19/2020 12:15,277.08,277.8,275.56,276.03,146909
8/19/2020 12:30,275.84,276.4779,275.8202,276.0801,89024
8/19/2020 12:45,276.155,277.3,276,277.1241,87352
8/19/2020 13:00,277.17,277.73,276.63,276.91,106652
8/19/2020 13:15,277.06,277.06,275.51,275.87,84027
8/19/2020 13:30,275.93,276.84,275.74,276.82,62619
8/19/2020 13:45,276.8306,277.44,276.51,276.645,104860
8/19/2020 14:00,276.64,277.49,276.57,277.2,81385
8/19/2020 14:15,277.195,277.3115,275.45,275.51,92765
8/19/2020 14:30,275.5,275.6499,272.06,274.235,265923
8/19/2020 14:45,274.15,275.3466,273.8,275,97173
8/19/2020 15:00,274.96,275.02,274.2042,274.51,90809
8/19/2020 15:15,274.51,275.7299,274.16,274.77,144226
8/19/2020 15:30,274.755,274.97,274.17,274.75,66338
8/19/2020 15:45,274.6,275.17,273.89,275.17,102091
8/19/2020 16:00,275.09,275.18,273.21,273.5,240653
8/19/2020 16:15,273.51,273.9,273,273.51,27078
8/19/2020 16:30,273.34,274.9463,273.34,273.34,980
8/19/2020 16:45,273.4,273.4,273,273.32,3566
8/19/2020 17:00,273.4,273.4,273.3,273.3,673
8/19/2020 17:15,273.3,273.4,273.3,273.4,988
8/19/2020 17:30,273.4,273.75,273.2,273.52,1451
8/19/2020 17:45,273.5,273.5,273.2,273.46,1063
8/19/2020 18:00,273.5,273.5,273.5,273.5,537
8/19/2020 18:15,273.5,273.74,273.5,273.74,646
8/19/2020 18:30,274,274,273.57,273.57,219
8/19/2020 18:45,273.57,273.57,273.57,273.57,214
8/19/2020 19:30,273.52,273.52,273.2,273.2,788
8/19/2020 19:45,273.5,273.5,273.5,273.5,502
8/19/2020 20:00,273.2,273.2,273,273,2708
8/20/2020 5:30,272,272,272,272,100
8/20/2020 6:15,271.1,271.1,271.1,271.1,1432
8/20/2020 7:15,272.98,273,272.93,273,548
8/20/2020 8:00,273.5,273.5,273.5,273.5,162
8/20/2020 8:15,273.9404,273.9404,272.5,273,10872
8/20/2020 8:30,273,274.8,272.75,274.8,3924
8/20/2020 8:45,274.07,274.07,273,274,5501
8/20/2020 9:00,274.3,275,274.3,274.5,2418
8/20/2020 9:15,274,274.05,274,274.0001,1185
8/20/2020 9:30,274.36,274.9,274,274,9255
8/20/2020 9:45,274.45,283.14,273.99,282.166,1036346
8/20/2020 10:00,282.29,285.84,281.48,284.905,978404
8/20/2020 10:15,284.97,287.1,283.5879,287.1,671352
8/20/2020 10:30,287.085,288,286.04,287.35,716838
8/20/2020 10:45,287.34,287.35,284.1833,286.98,509219
8/20/2020 11:00,286.945,288.35,285.82,287.3573,314002
8/20/2020 11:15,287.36,287.67,285.49,286.29,348861
8/20/2020 11:30,286.3,288.15,284.88,287.425,283031
8/20/2020 11:45,287.445,288.79,287.04,287.2105,277912
8/20/2020 12:00,287.23,288.09,286.51,287.97,165198
8/20/2020 12:15,287.94,289.47,287.5,289.205,252734
8/20/2020 12:30,289.17,289.5484,288.43,288.59,201514
8/20/2020 12:45,288.5853,289.34,288.56,288.86,108298
8/20/2020 13:00,288.8693,289.89,288.63,289.8676,159806
8/20/2020 13:15,289.8932,290,288.55,289.7916,192556
8/20/2020 13:30,289.83,290.21,289.17,289.94,310367
8/20/2020 13:45,289.96,290,287.77,288.67,281751
8/20/2020 14:00,288.74,289,287.59,288.815,193811
8/20/2020 14:15,288.8,289.5,287.81,287.93,251511
8/20/2020 14:30,287.902,288.49,287.08,287.965,176890
8/20/2020 14:45,287.906,288.61,286.7707,287.1001,191720
8/20/2020 15:00,287.1824,287.77,287.0614,287.76,90817
8/20/2020 15:15,287.7495,287.97,287.22,287.8949,111279
8/20/2020 15:30,287.93,289.51,286.871,289.2,202165
8/20/2020 15:45,289.25,290.09,288.84,289.97,339493
8/20/2020 16:00,289.92,290.88,289.47,290.6998,696128
8/20/2020 16:15,290.69,291,290,290,17775
8/20/2020 16:30,290.25,290.69,290.25,290.69,1530
8/20/2020 16:45,290.5,290.5,290.25,290.28,2740
8/20/2020 17:00,290.32,290.5,290.3,290.5,2277
8/20/2020 17:15,290.15,290.69,290.15,290.4,1226
8/20/2020 17:30,290.48,290.5,290.48,290.5,1390
8/20/2020 17:45,290.5,290.58,290.49,290.5,1470
8/20/2020 18:00,290.5,290.5,290.5,290.5,947
8/20/2020 18:15,290.6,291.2,290.6,290.75,2006
8/20/2020 18:30,291.28,292,291.18,291.98,4916
8/20/2020 18:45,291.98,293.97,291.98,293.95,7138
8/20/2020 19:00,293.98,294.6,293.5,293.98,15757
8/20/2020 19:15,293.98,294.28,293.6,293.6,6932
8/20/2020 19:30,293.45,293.99,293.06,293.3,2733
8/20/2020 19:45,293.85,293.85,293.82,293.82,651
8/20/2020 20:00,293.8,293.8,293.5,293.75,898
8/21/2020 4:15,293.8,293.8,293.8,293.8,197
8/21/2020 4:30,292.99,292.99,292.99,292.99,200
8/21/2020 6:45,291.6,291.6,291.6,291.6,198
8/21/2020 7:00,291.6,291.6,291.03,291.03,942
8/21/2020 7:15,291.44,292.88,291.12,292.88,4240
8/21/2020 7:30,292.8,292.99,292.22,292.22,4840
8/21/2020 7:45,292.4,292.4,291.62,291.62,1503
8/21/2020 8:00,291.6,291.75,290.98,291,8018
8/21/2020 8:15,292.6,292.8,290.02,290.02,21840
8/21/2020 8:30,290,291.49,290,291.3,10618
8/21/2020 8:45,291.3,292.9899,290.98,292.7,17483
8/21/2020 9:00,292.84,293,292.535,292.6305,6799
8/21/2020 9:15,293,293,292.22,292.51,6269
8/21/2020 9:30,293,293.66,290.7,291.01,20475
8/21/2020 9:45,291,295.97,286.9442,291.5221,998349
8/21/2020 10:00,291.68,292.24,288.39,290.58,351114
8/21/2020 10:15,290.41,291.3,288.64,289.17,348555
8/21/2020 10:30,289.15,292.66,289.15,292.58,228054
8/21/2020 10:45,292.66,292.86,291,292.02,262876
8/21/2020 11:00,292.1447,292.42,290.8,290.876,125478
8/21/2020 11:15,290.905,291.2,288.895,289.77,194321
8/21/2020 11:30,289.65,290.61,289.26,289.76,119393
8/21/2020 11:45,289.72,289.9709,288.37,289.87,147095
8/21/2020 12:00,289.7702,290.6,288.74,288.8841,78786
8/21/2020 12:15,288.92,290.1194,288.73,289.77,119013
8/21/2020 12:30,289.93,291.485,289.7435,291.1775,89264
8/21/2020 12:45,291.22,291.6,290.42,290.83,80055
8/21/2020 13:00,290.8372,291.265,290.4133,290.855,64237
8/21/2020 13:15,290.85,291.4672,290.023,291.4,156337
8/21/2020 13:30,291.37,291.74,290.76,291.39,132966
8/21/2020 13:45,291.39,291.5,289.8,289.81,115642
8/21/2020 14:00,289.77,290.371,289.75,290.24,71189
8/21/2020 14:15,290.24,290.795,290.02,290.69,65349
8/21/2020 14:30,290.69,291.25,290.605,290.605,80468
8/21/2020 14:45,290.5798,290.7087,289.94,290.56,54878
8/21/2020 15:00,290.51,290.64,289.78,289.895,83932
8/21/2020 15:15,289.8,290.67,289.75,290.28,140815
8/21/2020 15:30,290.25,291,290.19,290.6931,149836
8/21/2020 15:45,290.57,290.57,289.52,289.88,159327
8/21/2020 16:00,289.95,290.31,289.15,289.68,542081
8/21/2020 16:15,289.68,290.2,289.68,289.98,11508
8/21/2020 16:30,289.75,290.13,289.75,290.1,6084
8/21/2020 16:45,290.12,290.13,289.95,290.13,2055
8/21/2020 17:00,290.13,290.13,290.13,290.13,403
8/21/2020 17:15,290,290,290,290,215
8/21/2020 17:30,290,290,290,290,515
8/21/2020 18:00,290.22,290.22,290.22,290.22,360
8/21/2020 18:30,290.19,290.22,290.16,290.22,1247
8/21/2020 18:45,290.19,290.19,290.19,290.19,409
8/21/2020 19:00,290.19,290.49,290.19,290.49,681
8/21/2020 19:30,290,290,290,290,1435
8/21/2020 19:45,290.5,290.5,290.5,290.5,110
8/21/2020 20:00,290.1,290.15,290.1,290.1,551
8/24/2020 4:45,291.25,291.35,291.25,291.35,500
8/24/2020 5:00,292,292,292,292,178
8/24/2020 7:15,290.49,293.03,290.49,292.8,8384
8/24/2020 7:30,293.39,293.46,293,293,1135
8/24/2020 7:45,293.48,294.39,293.48,294,3212
8/24/2020 8:00,294,295,294,295,6376
8/24/2020 8:15,292.9973,295.58,290.935,295.08,13650
8/24/2020 8:30,295.14,295.37,294.012,294.07,5661
8/24/2020 8:45,294.3,294.8,294,294.06,7774
8/24/2020 9:00,293.61,293.933,293.2823,293.51,5055
8/24/2020 9:15,293.8,294.65,293.6,294.45,8452
8/24/2020 9:30,294.13,294.3499,293.01,293.155,6163
8/24/2020 9:45,293,293.87,288.87,292.8842,639608
8/24/2020 10:00,292.97,293.034,284.36,287.8047,532724
8/24/2020 10:15,287.835,288,281.52,285.04,469965
8/24/2020 10:30,285.1521,286.46,283.6329,284,284154
8/24/2020 10:45,284.065,284.4199,281.67,283.3,274205
8/24/2020 11:00,283.29,283.4,274.1059,276.32,628180
8/24/2020 11:15,276.34,280.77,276.1101,278.425,474259
8/24/2020 11:30,278.389,279.65,275.45,276.205,252821
8/24/2020 11:45,276.03,281.48,276.01,281.475,220200
8/24/2020 12:00,281.36,282.665,279.7,281.93,270741
8/24/2020 12:15,281.97,283.74,281.54,283.6215,221260
8/24/2020 12:30,283.55,284.44,281.285,281.8534,368467
8/24/2020 12:45,281.85,283.2656,280.63,283,127166
8/24/2020 13:00,282.865,283.79,282.29,282.67,110108
8/24/2020 13:15,282.5401,283.6699,282.04,283.415,93023
8/24/2020 13:30,283.47,283.47,281.325,281.49,115449
8/24/2020 13:45,281.35,282.24,281.24,282.022,92848
8/24/2020 14:00,282.215,283.99,282.2001,283.675,116916
8/24/2020 14:15,283.75,284.63,283.05,284.08,117690
8/24/2020 14:30,284.09,284.22,282.395,282.51,94405
8/24/2020 14:45,282.625,282.979,281.9,282.8447,138755
8/24/2020 15:00,282.78,283.11,281.99,282.445,73378
8/24/2020 15:15,282.53,282.735,281.0551,281.4401,92294
8/24/2020 15:30,281.5,282.4376,281.5,282.12,84197
8/24/2020 15:45,282.11,282.19,281.18,281.615,125624
8/24/2020 16:00,281.6,282.46,280.84,282.27,281954
8/24/2020 16:15,282.28,283,282.28,282.99,7361
8/24/2020 16:30,282.99,283,282.99,282.99,1132
8/24/2020 16:45,283.5,283.5,282.51,282.51,442
8/24/2020 17:00,282.5998,282.5998,282.5,282.5,1013
8/24/2020 17:30,282.5,282.5,282.35,282.48,1019
8/24/2020 17:45,282.35,283.49,282.35,283.49,361
8/24/2020 18:00,282.88,282.88,282.88,282.88,100
8/24/2020 19:00,282.55,282.55,282.55,282.55,100
8/24/2020 19:30,282.5,282.62,282.5,282.54,495
8/24/2020 19:45,282.5,282.5,282.5,282.5,461
8/24/2020 20:00,282.55,282.79,282.55,282.79,640
8/25/2020 7:00,282.28,282.28,282.28,282.28,213
8/25/2020 7:15,282.49,282.49,282.49,282.49,636
8/25/2020 7:30,281.56,281.56,280.01,280.05,3060
8/25/2020 7:45,280.13,280.87,280.13,280.87,349
8/25/2020 8:00,280,280.18,279.5,280,1498
8/25/2020 8:15,282.3999,282.86,279.0002,279.79,5764
8/25/2020 8:30,279.51,280.44,279.06,279.9998,3804
8/25/2020 8:45,280,280,279.3,279.3,1400
8/25/2020 9:00,279.3038,279.8588,279.3038,279.7,2222
8/25/2020 9:15,279.75,280.4,279,279.1,7009
8/25/2020 9:30,279,279,278,279,8822
8/25/2020 9:45,279,288.4691,275.8101,286,723670
8/25/2020 10:00,285.95,287.0547,282.68,286.1007,340703
8/25/2020 10:15,286.12,288.7605,283.88,288.0107,300115
8/25/2020 10:30,288.3378,289.79,286.5946,288.9899,320064
8/25/2020 10:45,288.51,290.3765,287.7695,289.535,235407
8/25/2020 11:00,289.535,290.31,288.34,289.3722,133486
8/25/2020 11:15,289.269,293.02,288.96,292.35,230307
8/25/2020 11:30,292.44,293.7216,289.738,290.2161,297693
8/25/2020 11:45,290.3,291.68,290.1425,291.0101,178523
8/25/2020 12:00,291.04,291.04,288.75,289.5627,144500
8/25/2020 12:15,289.7,290.1,289.09,289.4,73864
8/25/2020 12:30,289.2,291.5,289.2,290.7022,141003
8/25/2020 12:45,290.7179,291.7,290.15,291.67,152307
8/25/2020 13:00,291.66,292.2,291.09,291.66,87124
8/25/2020 13:15,291.64,291.84,290.815,291.69,100206
8/25/2020 13:30,291.8,291.99,290.61,291.28,154557
8/25/2020 13:45,291.3,291.34,290.38,290.895,68746
8/25/2020 14:00,290.83,290.97,290.51,290.72,34786
8/25/2020 14:15,290.74,291.15,290.65,291.1,42341
8/25/2020 14:30,291.065,291.1,289.5118,290.2445,96724
8/25/2020 14:45,290.2201,290.83,289.83,289.895,53873
8/25/2020 15:00,289.978,290.53,289.68,290.22,42046
8/25/2020 15:15,290.15,290.23,289.62,290.09,57412
8/25/2020 15:30,290.055,290.45,289.59,289.86,85654
8/25/2020 15:45,289.915,290.55,289.5245,290.12,92302
8/25/2020 16:00,290.28,290.5,289.82,290.39,242476
8/25/2020 16:15,290.44,290.8,290.21,290.8,15302
8/25/2020 16:30,290.7,291.4,289.75,291.3,7942
8/25/2020 16:45,291.31,291.5001,291,291.5001,2358
8/25/2020 17:00,291.3501,292,291.35,291.35,17266
8/25/2020 17:15,291.5,291.5,291.5,291.5,1165
8/25/2020 17:45,291.83,291.88,291.83,291.88,769
8/25/2020 18:00,292,292.5,292,292.5,1065
8/25/2020 18:15,292.1,292.5,292.1,292.5,660
8/25/2020 18:30,292.5,293,292.25,292.55,4527
8/25/2020 18:45,292.9,292.95,292.35,292.35,2228
8/25/2020 19:00,292.9,293.37,292.9,293.37,2751
8/25/2020 19:15,293.15,293.24,293.15,293.2,1269
8/25/2020 19:45,293.3,293.37,293.3,293.37,496
8/25/2020 20:00,293,293.3,293,293,977
8/26/2020 7:15,292.18,293.4,292.18,293.4,1327
8/26/2020 7:30,293.4,293.5,292.76,293.3,2420
8/26/2020 7:45,293.88,293.88,293.88,293.88,210
8/26/2020 8:15,293,293.2556,293,293.2556,1274
8/26/2020 8:30,293.5,293.5,293,293,2678
8/26/2020 8:45,292.95,293.38,292.79,292.79,2561
8/26/2020 9:00,292.63,292.9418,292.25,292.25,3800
8/26/2020 9:15,292.54,292.9,292.5,292.9,835
8/26/2020 9:30,293,293.38,292.95,293,4234
8/26/2020 9:45,293,298.115,290.85,294.79,649125
8/26/2020 10:00,294.665,295.51,293.7301,294.82,287614
8/26/2020 10:15,294.71,297.54,293.1001,294.88,332119
8/26/2020 10:30,295.05,297.99,295.05,297.0701,294414
8/26/2020 10:45,297.18,299.98,296.9401,299.63,386177
8/26/2020 11:00,299.71,301,298.61,300.675,323868
8/26/2020 11:15,300.73,302,297.95,298.82,387403
8/26/2020 11:30,299.085,300.23,298.11,299.8925,170285
8/26/2020 11:45,299.9,300.96,299.69,300.6199,107254
8/26/2020 12:00,300.5393,300.56,298.57,299.02,195889
8/26/2020 12:15,299.065,299.72,297.8136,298.51,214177
8/26/2020 12:30,298.49,300.085,297.945,299.31,116477
8/26/2020 12:45,299.39,299.69,297.83,298.15,120552
8/26/2020 13:00,298.11,298.8,297.36,297.84,124905
8/26/2020 13:15,297.788,299.4,297.788,298.6149,77929
8/26/2020 13:30,298.6,299.27,298.1322,298.25,58213
8/26/2020 13:45,298.39,298.57,296.84,296.88,94714
8/26/2020 14:00,296.84,298.01,296.63,298.01,97647
8/26/2020 14:15,298.05,298.24,296.75,296.865,79607
8/26/2020 14:30,296.815,297.88,296.2139,296.59,91815
8/26/2020 14:45,296.6,296.75,293.6,293.735,168215
8/26/2020 15:00,293.68,294.17,292,293.024,205725
8/26/2020 15:15,293.1664,294.168,292.8,293.865,123635
8/26/2020 15:30,293.86,295.48,293.62,294.99,161784
8/26/2020 15:45,295.16,295.75,294.23,295.27,193567
8/26/2020 16:00,295.29,296.88,294.78,295.14,381650
8/26/2020 16:15,295.27,296.93,295.27,296.93,14899
8/26/2020 16:30,296.8,296.88,296.8,296.88,393
8/26/2020 17:00,295.82,296.04,295.7,295.7,2954
8/26/2020 17:15,295.78,295.8001,295.78,295.8,506
8/26/2020 17:45,295.5,295.75,295.5,295.75,107232
8/26/2020 18:00,296,296,296,296,441
8/26/2020 18:15,295.27,295.5,295.27,295.5,615
8/26/2020 18:30,295.8,295.8,295.5,295.5,844
8/26/2020 18:45,295.5,295.8,295,295,1791
8/26/2020 19:00,295.18,295.18,295,295,1333
8/26/2020 19:15,295.25,295.28,295,295,869
8/26/2020 19:30,295,295.49,295,295.25,2943
8/26/2020 19:45,295,295.05,295,295,549
8/26/2020 20:00,295.15,295.19,294.35,294.95,1285
8/27/2020 6:00,294.97,295,294.97,295,457
8/27/2020 6:15,294.96,295,294.96,295,386
8/27/2020 7:00,294.12,294.12,294,294,465
8/27/2020 7:15,297,297,294,294,2360
8/27/2020 7:30,293.94,294,293.94,294,556
8/27/2020 7:45,293.94,295.5,293.66,295.5,1867
8/27/2020 8:00,295.6,295.6,295,295,1470
8/27/2020 8:15,293.7521,296.99,293.01,295.99,2523
8/27/2020 8:30,295.3,296,295.3,295.5,1675
8/27/2020 8:45,295.95,295.9599,295.5,295.52,2884
8/27/2020 9:00,295.54,296.05,295.52,296.05,4118
8/27/2020 9:15,296.8702,297,293.81,294,11871
8/27/2020 9:30,294.25,296.49,294.25,295.56,5648
8/27/2020 9:45,295.69,297.7162,291.01,297.7162,437542
8/27/2020 10:00,297.59,297.66,292.5001,293.0825,264018
8/27/2020 10:15,293.29,293.7,290.83,292.98,391903
8/27/2020 10:30,293.1,296.2,292.5929,295.94,234380
8/27/2020 10:45,295.9319,296.41,294.51,295.35,178180
8/27/2020 11:00,295.35,295.4976,293.92,295.08,173120
8/27/2020 11:15,295,299.3,294.55,298.19,343960
8/27/2020 11:30,298.335,300.52,297.845,300.52,256136
8/27/2020 11:45,300.52,301.02,299,300.85,216657
8/27/2020 12:00,300.84,301.52,297.24,297.295,269709
8/27/2020 12:15,297.18,299.15,296.53,297.22,211762
8/27/2020 12:30,297.48,297.55,294.731,295.17,209327
8/27/2020 12:45,295.4,295.56,292.88,293.315,176444
8/27/2020 13:00,293.305,293.66,291,291.71,290884
8/27/2020 13:15,291.59,293.69,290.33,293.69,254090
8/27/2020 13:30,293.55,295.28,292.0405,295.28,140607
8/27/2020 13:45,295.4566,295.6,294.53,295.465,79713
8/27/2020 14:00,295.32,296.89,294.79,296.48,104832
8/27/2020 14:15,296.385,297.4,295.913,297.2501,140847
8/27/2020 14:30,297.23,299,296.6468,298.615,127134
8/27/2020 14:45,298.6977,299.16,297.37,297.57,136156
8/27/2020 15:00,297.5727,297.63,295.85,296.1,102601
8/27/2020 15:15,296.175,296.48,295.27,295.42,106389
8/27/2020 15:30,295.3621,297.14,295.28,296.487,110877
8/27/2020 15:45,296.64,297.27,295.89,296.075,132786
8/27/2020 16:00,296.13,296.56,294.03,294.68,283826
8/27/2020 16:15,294.68,296.35,294.68,295.8,13096
8/27/2020 16:30,296.05,296.99,296.05,296.93,3966
8/27/2020 16:45,296.98,297.8,296.84,297.12,3740
8/27/2020 17:00,297.35,297.38,297,297,2054
8/27/2020 17:15,296.98,297.4,296.98,297.1,2736
8/27/2020 17:30,297,297,297,297,101
8/27/2020 17:45,296.9,296.9,296.3,296.35,1456
8/27/2020 18:00,296.58,296.79,296,296.58,3672
8/27/2020 18:15,296.3,296.3,296,296.15,821
8/27/2020 18:30,296.5,296.5,296.5,296.5,154
8/27/2020 18:45,296.21,296.21,296.21,296.21,299
8/27/2020 19:00,296.5,296.9,296.5,296.9,999
8/27/2020 19:30,296.5,296.5,296.5,296.5,188
8/27/2020 19:45,296.2,296.49,296.2,296.49,845
8/27/2020 20:00,296.49,296.49,296.01,296.01,1735
8/28/2020 6:15,296.45,296.45,296.45,296.45,247
8/28/2020 7:15,296.99,296.99,296.89,296.99,1345
8/28/2020 7:30,296.99,297.55,296.99,297.4,3721
8/28/2020 7:45,297.4,297.4,297.04,297.04,1330
8/28/2020 8:00,297.74,297.74,297.74,297.74,270
8/28/2020 8:15,297.6,297.8878,296.5,297.82,8324
8/28/2020 8:30,297.8799,298,297.27,297.53,3386
8/28/2020 8:45,297.4,297.5,296.5075,296.5075,3562
8/28/2020 9:00,296.61,297.9,296.5,297.9,5030
8/28/2020 9:15,297.84,297.9,294.68,297.4,4687
8/28/2020 9:30,297.8,299.36,297,299.36,7250
8/28/2020 9:45,299.22,303.58,297.26,300.69,834253
8/28/2020 10:00,300.3,300.79,297.5508,300.27,304443
8/28/2020 10:15,300.28,301.5,298.425,298.61,265725
8/28/2020 10:30,298.65,301.01,297.8382,300.92,201230
8/28/2020 10:45,300.93,301.72,299.27,300.74,162505
8/28/2020 11:00,300.78,301,299.2,299.775,217568
8/28/2020 11:15,299.89,300.41,298.7202,299.5975,168513
8/28/2020 11:30,299.6942,301.6,299.61,301.25,121691
8/28/2020 11:45,301.115,301.3417,300,300.37,98338
8/28/2020 12:00,300.5727,301.5,300.5,300.8819,118562
8/28/2020 12:15,300.75,302.59,300.729,301.58,172244
8/28/2020 12:30,301.5,301.8499,300.25,301.02,143845
8/28/2020 12:45,301.02,301.45,299.57,299.585,169937
8/28/2020 13:00,299.585,300.17,298.8983,299.9505,211479
8/28/2020 13:15,299.9,300.0399,298.0301,298.54,158504
8/28/2020 13:30,298.4713,299.38,298.19,298.2525,113723
8/28/2020 13:45,298.19,299.36,298.0514,299.13,90109
8/28/2020 14:00,299.21,299.35,297.67,298.8147,158522
8/28/2020 14:15,298.795,299,297.28,297.3728,147871
8/28/2020 14:30,297.45,298.1872,297.3,297.74,104514
8/28/2020 14:45,297.83,299.11,297.82,299.035,90689
8/28/2020 15:00,299.1165,299.57,297.865,298.025,116987
8/28/2020 15:15,298.05,298.6566,297.89,298.6566,85425
8/28/2020 15:30,298.61,299.49,297.57,298.13,134447
8/28/2020 15:45,298.0756,299.18,297.99,298.8,167820
8/28/2020 16:00,298.8,299.31,298.52,299.12,490884
8/28/2020 16:15,299.27,299.85,299.27,299.51,19845
8/28/2020 16:30,299.6,300.22,299.6,300.04,12881
8/28/2020 16:45,299.86,300.37,299.86,300,9220
8/28/2020 17:00,299.99,300,299.99,300,1052
8/28/2020 17:15,300,300.49,300,300.05,1506
8/28/2020 17:30,300.05,300.41,299.98,300.41,2861
8/28/2020 17:45,300.01,300.01,299.75,299.75,623
8/28/2020 18:00,299.76,300.49,299.76,299.76,1188
8/28/2020 18:15,300,300.18,300,300.18,450
8/28/2020 18:30,299.95,299.95,299.81,299.81,569
8/28/2020 18:45,299.81,299.81,299.81,299.81,515
8/28/2020 19:00,300.2,300.47,299.81,300.47,1025
8/28/2020 19:15,300.39,300.39,300.39,300.39,175
8/28/2020 19:30,300.44,300.44,300.39,300.39,683
8/28/2020 19:45,300.41,300.48,300.3,300.3,1458
8/28/2020 20:00,300.49,300.56,300.22,300.56,797
