Date,TICKER,Open,High,Low,Close,Adj Close,Volume
4/18/2019,ZM,65,66,60.320999,62,62,25764700
4/22/2019,ZM,61,68.900002,59.939999,65.699997,65.699997,9949700
4/23/2019,ZM,66.870003,74.168999,65.550003,69,69,6786500
4/24/2019,ZM,71.400002,71.5,63.16,63.200001,63.200001,4973500
4/25/2019,ZM,64.739998,66.849998,62.599998,65,65,3863300
4/26/2019,ZM,66.120003,66.989998,63.599998,66.220001,66.220001,1527400
4/29/2019,ZM,66.529999,68.5,64.75,68.169998,68.169998,1822300
4/30/2019,ZM,68.400002,72.519997,66.669998,72.470001,72.470001,4113100
5/1/2019,ZM,72.720001,76.949997,70.816002,72.760002,72.760002,3301900
5/2/2019,ZM,72.75,75.889999,69.691002,75.5,75.5,2525300
5/3/2019,ZM,75,80.25,75,79.18,79.18,2590300
5/6/2019,ZM,75.010002,80.790001,74.5,78.239998,78.239998,2051800
5/7/2019,ZM,77.849998,78.050003,73.25,73.330002,73.330002,1975200
5/8/2019,ZM,74.610001,78.5,74.029999,77.68,77.68,2265500
5/9/2019,ZM,76.849998,76.989998,74,75.209999,75.209999,1348200
5/10/2019,ZM,75.790001,79.739998,74.769997,79.629997,79.629997,1555100
5/13/2019,ZM,77.389999,77.389999,70.599998,72.540001,72.540001,2873200
5/14/2019,ZM,74.120003,76.885002,73.110001,73.139999,73.139999,1950400
5/15/2019,ZM,73.400002,80,72.209999,79.760002,79.760002,2426500
5/16/2019,ZM,80.120003,87.550003,79.25,83.400002,83.400002,4580700
5/17/2019,ZM,82.25,90.279999,81.879997,89.980003,89.980003,3442500
5/20/2019,ZM,90.099998,91.459999,83.269997,84.669998,84.669998,3666800
5/21/2019,ZM,86.629997,89.699997,84.5,85.440002,85.440002,2576000
5/22/2019,ZM,84.629997,85.699997,82,82.43,82.43,1596400
5/23/2019,ZM,81.25,81.5,77.260002,78.760002,78.760002,2856000
5/24/2019,ZM,80.480003,81.25,74.199997,76.25,76.25,2946800
5/28/2019,ZM,76.800003,79.389999,76.800003,77.769997,77.769997,1641300
5/29/2019,ZM,77,77.93,73.583,75.769997,75.769997,1512100
5/30/2019,ZM,76.68,80.970001,76.599998,80.419998,80.419998,1996000
5/31/2019,ZM,78.769997,83.169998,77.779999,79.730003,79.730003,1594300
6/3/2019,ZM,80,81.940002,75.650002,75.900002,75.900002,1570500
6/4/2019,ZM,78.199997,78.879997,76.620003,78.739998,78.739998,1134900
6/5/2019,ZM,80.139999,80.599998,76.239998,78.040001,78.040001,1295800
6/6/2019,ZM,77.400002,79.75,77.029999,79.43,79.43,3024000
6/7/2019,ZM,93.660004,98.889999,92.5,94.050003,94.050003,9487800
6/10/2019,ZM,98.510002,105.985001,96,102,102,4852800
6/11/2019,ZM,101,101.199997,91.57,94.870003,94.870003,4372400
6/12/2019,ZM,94.599998,104.184998,94,102.769997,102.769997,3151700
6/13/2019,ZM,105.099998,105.171997,98.550003,100.949997,100.949997,3189100
6/14/2019,ZM,100.470001,104.57,99.25,100.290001,100.290001,1889300
6/17/2019,ZM,101,102.446999,97,98.110001,98.110001,2128500
6/18/2019,ZM,100.389999,102,97.510002,99.639999,99.639999,2272400
6/19/2019,ZM,100.489998,104.445,98.629997,102.389999,102.389999,2592700
6/20/2019,ZM,105.010002,107.339996,101.621002,102.300003,102.300003,2460700
6/21/2019,ZM,101.419998,101.531998,97.82,100.470001,100.470001,2972500
6/24/2019,ZM,100.849998,101.5,88.879997,89.410004,89.410004,6011200
6/25/2019,ZM,89.43,91.5,84.629997,85.029999,85.029999,3744500
6/26/2019,ZM,87.919998,89.080002,84.605003,86.330002,86.330002,2680000
6/27/2019,ZM,89.699997,92.330002,87.800003,90.269997,90.269997,3019500
6/28/2019,ZM,91.760002,92.199997,87.25,88.790001,88.790001,3228300
7/1/2019,ZM,85.129997,87.790001,83.099998,86.860001,86.860001,5326800
7/2/2019,ZM,86.269997,86.849998,84,85.129997,85.129997,1866000
7/3/2019,ZM,85.449997,90.599998,84.510002,90.449997,90.449997,2706100
7/5/2019,ZM,90.139999,91.970001,88,91.879997,91.879997,2582700
7/8/2019,ZM,91.440002,92.790001,89.889999,90.760002,90.760002,1793300
7/9/2019,ZM,90.269997,91.269997,89.099998,90.93,90.93,1557400
7/10/2019,ZM,91.760002,93.449997,91.550003,92.720001,92.720001,2059300
7/11/2019,ZM,92.900002,93.199997,90.452003,91.400002,91.400002,1784600
7/12/2019,ZM,93.010002,94.93,91.370003,93.300003,93.300003,2689700
7/15/2019,ZM,94,100.650002,93.779999,99.800003,99.800003,3835600
7/16/2019,ZM,100.139999,100.5,96.5,97.099998,97.099998,2120100
7/17/2019,ZM,97.620003,101.987,97.540001,99.730003,99.730003,2314100
7/18/2019,ZM,99.239998,99.5,95.015999,95.190002,95.190002,2035600
7/19/2019,ZM,97.150002,97.790001,92.879997,93.379997,93.379997,1747700
7/22/2019,ZM,94.190002,97.464996,93.504997,96.669998,96.669998,1483000
7/23/2019,ZM,97.5,98.150002,93.519997,97.389999,97.389999,2241700
7/24/2019,ZM,97.120003,97.879997,94.684998,95.940002,95.940002,1283700
7/25/2019,ZM,95.839996,99.599998,95.75,97.110001,97.110001,1870300
7/26/2019,ZM,97.949997,104.489998,97.830002,102.199997,102.199997,3040700
7/29/2019,ZM,102.599998,102.998001,92.099998,96.470001,96.470001,4230300
7/30/2019,ZM,95.190002,99.349998,94.029999,95.489998,95.489998,1635500
7/31/2019,ZM,96.43,97.5,93.5,95.510002,95.510002,1514700
8/1/2019,ZM,95.75,98.660004,93.800003,95.099998,95.099998,1530400
8/2/2019,ZM,94.919998,96,92.566002,93.660004,93.660004,1117100
8/5/2019,ZM,90.699997,91.190002,87.290001,89.690002,89.690002,1774400
8/6/2019,ZM,91.5,92.290001,88.099998,90.43,90.43,1028700
8/7/2019,ZM,89.019997,93.160004,88.019997,92.449997,92.449997,996100
8/8/2019,ZM,93.57,95.839996,93.019997,95.769997,95.769997,925600
8/9/2019,ZM,94.790001,95.489998,93.309998,94.199997,94.199997,800500
8/12/2019,ZM,93.050003,94.18,91.110001,92.160004,92.160004,779300
8/13/2019,ZM,92.059998,96.223,92.059998,95.449997,95.449997,1167200
8/14/2019,ZM,93.199997,94.522003,89.889999,92.650002,92.650002,1265700
8/15/2019,ZM,92.769997,93.440002,89.690002,90.639999,90.639999,1079800
8/16/2019,ZM,92.120003,95,92.080002,92.529999,92.529999,1259300
8/19/2019,ZM,94.18,96.199997,92.889999,93.169998,93.169998,1226000
8/20/2019,ZM,93,93.57,91.139999,91.410004,91.410004,746100
8/21/2019,ZM,92.860001,94.181,92.353996,93.010002,93.010002,760000
8/22/2019,ZM,93.480003,95.5,91.57,93.879997,93.879997,883000
8/23/2019,ZM,93.139999,94.129997,90.410004,91.629997,91.629997,1368400
8/26/2019,ZM,92.330002,93.5,91.449997,91.760002,91.760002,697400
8/27/2019,ZM,92.599998,93.690002,90.440002,91.730003,91.730003,825800
8/28/2019,ZM,91.160004,91.379997,88.710999,90.160004,90.160004,1148300
8/29/2019,ZM,91.5,92.68,90.699997,90.870003,90.870003,851800
8/30/2019,ZM,91.82,92.419998,89.019997,91.669998,91.669998,1186100
9/3/2019,ZM,91.5,94.239998,90.75,92.459999,92.459999,1538900
9/4/2019,ZM,93.949997,96,93.18,93.529999,93.529999,2400700
9/5/2019,ZM,94.239998,94.379997,88.510002,92.690002,92.690002,4991800
9/6/2019,ZM,92,96.5,84.860001,85.410004,85.410004,7289700
9/9/2019,ZM,85.75,85.940002,77.199997,78.650002,78.650002,6713800
9/10/2019,ZM,77,81.221001,76.809998,80.349998,80.349998,2813200
9/11/2019,ZM,80,81.860001,78.5,80.709999,80.709999,2013600
9/12/2019,ZM,81.449997,82.650002,79.900002,81.529999,81.529999,1955100
9/13/2019,ZM,81.57,82.475998,78.269997,78.849998,78.849998,1416800
9/16/2019,ZM,78.5,80.989998,78.260002,80.669998,80.669998,1630100
9/17/2019,ZM,81.489998,84.82,79.529999,84.639999,84.639999,2539900
9/18/2019,ZM,84.400002,86,83.5,84.550003,84.550003,1835400
9/19/2019,ZM,85.199997,85.349998,83.25,84.620003,84.620003,1266600
9/20/2019,ZM,85,85.349998,81.5,82.629997,82.629997,2050100
9/23/2019,ZM,82.290001,83.599998,81.800003,82.620003,82.620003,677000
9/24/2019,ZM,82.43,82.93,79.459999,80.019997,80.019997,2145400
9/25/2019,ZM,79.120003,79.989998,76.080002,79.599998,79.599998,1924100
9/26/2019,ZM,79.25,80.620003,78.614998,79.75,79.75,920000
9/27/2019,ZM,79.690002,79.824997,75.089996,76.040001,76.040001,2347400
9/30/2019,ZM,76.129997,77,74.290001,76.199997,76.199997,1356500
10/1/2019,ZM,76.43,77.489998,75.209999,75.809998,75.809998,1378100
10/2/2019,ZM,74.5,75.779999,73.660004,73.849998,73.849998,1388700
10/3/2019,ZM,73.900002,78.489998,73.389999,76.830002,76.830002,2605800
10/4/2019,ZM,77,77.782997,75.279999,76.529999,76.529999,1799500
10/7/2019,ZM,76.989998,77.43,75,76.989998,76.989998,1432200
10/8/2019,ZM,76.010002,76.353996,72.580002,73.589996,73.589996,3156600
10/9/2019,ZM,74.220001,75.059998,72.75,72.860001,72.860001,1490100
10/10/2019,ZM,72.860001,73.779999,71.010002,71.010002,71.010002,2282200
10/11/2019,ZM,71.370003,72.889999,70.902,71.349998,71.349998,2391800
10/14/2019,ZM,70.459999,71.239998,69.550003,70.800003,70.800003,2218100
10/15/2019,ZM,68.760002,71.269997,68.379997,71.110001,71.110001,10576600
10/16/2019,ZM,69.699997,69.949997,66.510002,67.690002,67.690002,6061400
10/17/2019,ZM,67.089996,68,66.760002,67.029999,67.029999,3496800
10/18/2019,ZM,66.260002,66.93,64.529999,66.080002,66.080002,4819400
10/21/2019,ZM,65.290001,66.5,64.157997,65.769997,65.769997,3076500
10/22/2019,ZM,64.199997,64.599998,61.02,62,62,4584700
10/23/2019,ZM,61.330002,63.740002,60.967999,62.060001,62.060001,3589200
10/24/2019,ZM,63,65.940002,62.759998,64.519997,64.519997,3433300
10/25/2019,ZM,64.330002,64.989998,62.790001,63.450001,63.450001,1921900
10/28/2019,ZM,63.959999,67.470001,62.259998,66.559998,66.559998,3509300
10/29/2019,ZM,65.769997,67.110001,64.800003,65.489998,65.489998,1825300
10/30/2019,ZM,65.970001,70.089996,65.660004,70,70,4670300
10/31/2019,ZM,69.519997,70.080002,66.599998,69.889999,69.889999,3405300
11/1/2019,ZM,69.860001,70.550003,68.019997,70.389999,70.389999,3561800
11/4/2019,ZM,70.809998,70.849998,69.010002,70.120003,70.120003,1563100
11/5/2019,ZM,70.709999,70.849998,66.68,66.889999,66.889999,1805900
11/6/2019,ZM,66.949997,67.129997,65.360001,66.830002,66.830002,1327400
11/7/2019,ZM,67.029999,68.68,66.209999,66.809998,66.809998,1128200
11/8/2019,ZM,66.540001,70,66.519997,69.849998,69.849998,1472400
11/11/2019,ZM,69.510002,70.190002,67.760002,68.389999,68.389999,1037500
11/12/2019,ZM,68.5,70.050003,67.559998,68,68,1911000
11/13/2019,ZM,68,68.508003,66.870003,68.010002,68.010002,1987000
11/14/2019,ZM,67.769997,68.150002,66.709999,67.739998,67.739998,932500
11/15/2019,ZM,68.129997,71.099998,67.910004,70.010002,70.010002,2311800
11/18/2019,ZM,70.470001,71.139999,68.779999,70.080002,70.080002,1676000
11/19/2019,ZM,70.190002,70.332001,68.190002,69.639999,69.639999,1704700
11/20/2019,ZM,69.25,71.709999,68.550003,70.989998,70.989998,2780700
11/21/2019,ZM,71.5,71.949997,69.580002,69.919998,69.919998,1127000
11/22/2019,ZM,72,74,71.150002,73.160004,73.160004,3051900
11/25/2019,ZM,73.800003,75.059998,72.860001,74.550003,74.550003,1936400
11/26/2019,ZM,75,75.769997,74.760002,75.160004,75.160004,1836500
11/27/2019,ZM,75.809998,75.839996,73.360001,74.080002,74.080002,1355900
11/29/2019,ZM,74.099998,74.940002,73.860001,74.5,74.5,512600
12/2/2019,ZM,74.059998,74.5,68.459999,68.93,68.93,3138600
12/3/2019,ZM,66.720001,70.529999,66.050003,70.019997,70.019997,2444200
12/4/2019,ZM,70.5,70.900002,69.150002,69.959999,69.959999,2076500
12/5/2019,ZM,70.029999,70.75,69.220001,69.669998,69.669998,3672600
12/6/2019,ZM,64.260002,65.080002,62.110001,62.740002,62.740002,11253600
12/9/2019,ZM,62.389999,67.269997,62.330002,65.940002,65.940002,5234100
12/10/2019,ZM,65.489998,65.830002,63.389999,64.57,64.57,3895700
12/11/2019,ZM,64.239998,64.449997,62.049999,63.52,63.52,3685600
12/12/2019,ZM,63.490002,64.230003,62.119999,62.490002,62.490002,3317300
12/13/2019,ZM,62.5,63.75,62.02,63.540001,63.540001,2489400
12/16/2019,ZM,63.59,66.389999,63.560001,66.349998,66.349998,3282800
12/17/2019,ZM,66.620003,66.620003,65.400002,66.169998,66.169998,2301000
12/18/2019,ZM,66.220001,68.139999,66.040001,67.599998,67.599998,2237000
12/19/2019,ZM,67.75,68.459999,67.099998,68.18,68.18,1610500
12/20/2019,ZM,68.199997,68.480003,66.415001,66.93,66.93,2201400
12/23/2019,ZM,67.019997,67.5,65.93,66.150002,66.150002,1663500
12/24/2019,ZM,66.300003,66.885002,65.739998,66.459999,66.459999,562600
12/26/2019,ZM,66.5,68.190002,66.300003,67.449997,67.449997,1387600
12/27/2019,ZM,67.510002,67.959999,66.510002,66.639999,66.639999,955400
12/30/2019,ZM,66.559998,67.18,65.519997,66.790001,66.790001,1162700
12/31/2019,ZM,66.379997,68.18,66.309998,68.040001,68.040001,1351400
1/2/2020,ZM,68.800003,69.235001,68.019997,68.720001,68.720001,1315500
1/3/2020,ZM,67.620003,68.68,67.099998,67.279999,67.279999,1127900
1/6/2020,ZM,66.629997,70.495003,65.811996,70.32,70.32,3151600
1/7/2020,ZM,70.290001,72.838997,69.370003,71.900002,71.900002,6985400
1/8/2020,ZM,71.809998,73.290001,71.029999,72.550003,72.550003,2482300
1/9/2020,ZM,73.989998,74,71.349998,72.620003,72.620003,2772000
1/10/2020,ZM,73.080002,73.800003,72.25,73.089996,73.089996,1655100
1/13/2020,ZM,73.889999,75.580002,73.800003,74.029999,74.029999,3347100
1/14/2020,ZM,74.32,75.114998,72.260002,73.160004,73.160004,1909500
1/15/2020,ZM,73.279999,77.779999,73.199997,76.940002,76.940002,3963500
1/16/2020,ZM,78,78.790001,75.110001,76.110001,76.110001,2998300
1/17/2020,ZM,76.660004,76.900002,75.489998,75.559998,75.559998,1357400
1/21/2020,ZM,75.559998,77.120003,74.32,76.730003,76.730003,1606700
1/22/2020,ZM,77.07,77.106003,75.459999,75.540001,75.540001,1501600
1/23/2020,ZM,75.669998,75.970001,74.209999,74.470001,74.470001,1279000
1/24/2020,ZM,74.970001,76.184998,72.375,73,73,1660200
1/27/2020,ZM,71.330002,72.132004,70.32,70.440002,70.440002,1750700
1/28/2020,ZM,71,72.480003,70.260002,71.510002,71.510002,1598200
1/29/2020,ZM,72.510002,74.139999,71.212997,73.580002,73.580002,1373400
1/30/2020,ZM,73.099998,74.800003,72.550003,74.540001,74.540001,1425400
1/31/2020,ZM,74.269997,76.669998,73.300003,76.300003,76.300003,2521700
2/3/2020,ZM,77.690002,88.940002,77.510002,87.660004,87.660004,13023400
2/4/2020,ZM,91.040001,93.300003,83.5,85.790001,85.790001,10611000
2/5/2020,ZM,85.769997,90.970001,83.754997,86.989998,86.989998,5126800
2/6/2020,ZM,87,89.440002,85.260002,87.260002,87.260002,2410800
2/7/2020,ZM,87.230003,90.599998,86.809998,88.639999,88.639999,2636600
2/10/2020,ZM,89.089996,89.980003,86.910004,89.669998,89.669998,2071600
2/11/2020,ZM,90,90.5,87.93,88.68,88.68,2731900
2/12/2020,ZM,88.660004,89.5,86.519997,88.279999,88.279999,1671100
2/13/2020,ZM,87.610001,91.93,87,89.860001,89.860001,3406400
2/14/2020,ZM,90.879997,91.709999,89.809998,90.949997,90.949997,2295000
2/18/2020,ZM,93.019997,98.139999,92.400002,96.389999,96.389999,5608200
2/19/2020,ZM,100.32,105.080002,99.75,103.93,103.93,7793800
2/20/2020,ZM,104,110.75,101.43,105.290001,105.290001,11293200
2/21/2020,ZM,104.029999,104.290001,98.089996,101.760002,101.760002,5519200
2/24/2020,ZM,97.800003,110,97.019997,105.010002,105.010002,12172800
2/25/2020,ZM,108.519997,111.800003,104.466003,107.080002,107.080002,13425900
2/26/2020,ZM,109.943001,111.300003,105.599998,106.879997,106.879997,6867500
2/27/2020,ZM,109.43,118,107.599998,113.550003,113.550003,13511800
2/28/2020,ZM,121.07,121.93,97.370003,105,105,21617100
3/2/2020,ZM,109.349998,114.5,102.5,113.110001,113.110001,10157400
3/3/2020,ZM,114.550003,119.199997,112.110001,117.470001,117.470001,11033700
3/4/2020,ZM,118.510002,119.970001,113.110001,116.800003,116.800003,12102600
3/5/2020,ZM,110.25,129.830002,110,125,125,28149400
3/6/2020,ZM,119.650002,122,107,114.32,114.32,22975700
3/9/2020,ZM,105,116.5,100.879997,113.75,113.75,14571300
3/10/2020,ZM,113.800003,113.800003,105,108.489998,108.489998,10244000
3/11/2020,ZM,108.410004,113.989998,107,110.300003,110.300003,12576700
3/12/2020,ZM,106.25,113.871002,104.389999,109.470001,109.470001,12097900
3/13/2020,ZM,113,113.800003,104.160004,107.470001,107.470001,9233500
3/16/2020,ZM,105,119.870003,103.199997,107.860001,107.860001,17210700
3/17/2020,ZM,107.330002,113.830002,102,111.099998,111.099998,18721500
3/18/2020,ZM,111,119,108.849998,118.709999,118.709999,13594300
3/19/2020,ZM,122.949997,132.229996,119.099998,123.769997,123.769997,16248400
3/20/2020,ZM,129,135.979996,124,130.550003,130.550003,13872600
3/23/2020,ZM,141.996994,164.940002,137.25,159.559998,159.559998,27681500
3/24/2020,ZM,154,155,133.880005,135.179993,135.179993,22401300
3/25/2020,ZM,140.104996,149,136.199997,138.110001,138.110001,14743000
3/26/2020,ZM,140.509995,146.649994,138.199997,141.149994,141.149994,9252700
3/27/2020,ZM,145.699997,154.970001,145.600006,151.699997,151.699997,13271900
3/30/2020,ZM,160.759995,161.690002,147.199997,150.880005,150.880005,15762200
3/31/2020,ZM,147.020004,149.789993,143.356995,146.119995,146.119995,10023700
4/1/2020,ZM,144.5,144.600006,135.179993,137,137,11453300
4/2/2020,ZM,125.300003,133.488998,114.5,121.93,121.93,27313800
4/3/2020,ZM,124.300003,128.479996,120.110001,128.199997,128.199997,12238100
4/6/2020,ZM,113.629997,125.175003,108.529999,122.940002,122.940002,25378900
4/7/2020,ZM,118.004997,118.440002,109.570999,113.75,113.75,20166200
4/8/2020,ZM,115.019997,125.877998,112.5,117.809998,117.809998,26243300
4/9/2020,ZM,117.800003,125.5,114,124.510002,124.510002,15513000
4/13/2020,ZM,127,136.860001,125.603996,135.919998,135.919998,15411700
4/14/2020,ZM,141.070007,145.199997,139.009995,141.889999,141.889999,11679900
4/15/2020,ZM,141.710007,152.570007,140,151.559998,151.559998,14193300
4/16/2020,ZM,149.919998,154.25,146.800003,150.259995,150.259995,15138200
4/17/2020,ZM,147.910004,153.789001,144.029999,150.059998,150.059998,11328400
4/20/2020,ZM,153.300003,155,148.253998,148.990005,148.990005,11218700
4/21/2020,ZM,151.419998,154.75,138.360001,143.270004,143.270004,9709100
4/22/2020,ZM,147.100006,152.279999,145.100006,150.25,150.25,6552800
4/23/2020,ZM,154.009995,169.75,153.490005,169.089996,169.089996,22159800
4/24/2020,ZM,177.149994,181.5,158.300003,158.800003,158.800003,44049500
4/27/2020,ZM,156.589996,167.850006,155,164.600006,164.600006,19783700
4/28/2020,ZM,165,166,155.25,156.720001,156.720001,13477800
4/29/2020,ZM,147.979996,151,143.380005,146.479996,146.479996,22033300
4/30/2020,ZM,139.990005,143.800003,133.679993,135.169998,135.169998,16647100
5/1/2020,ZM,136,141.630005,132.669998,138.559998,138.559998,13807000
5/4/2020,ZM,140.770004,144.979996,140.449997,143.440002,143.440002,9184700
5/5/2020,ZM,144.429993,148.440002,140.860001,144.820007,144.820007,7376300
5/6/2020,ZM,145.470001,150.740005,144.089996,149.589996,149.589996,6031100
5/7/2020,ZM,154.839996,162,154.039993,157.800003,157.800003,8388900
5/8/2020,ZM,160,161.160004,152.705002,155.399994,155.399994,7079100
5/11/2020,ZM,159.429993,168,158,166.479996,166.479996,10128500
5/12/2020,ZM,168,168.229996,160.050003,161.039993,161.039993,7102600
5/13/2020,ZM,163.610001,171.5,159.169998,167.139999,167.139999,11081300
5/14/2020,ZM,168.259995,170.800003,162.889999,167.910004,167.910004,6730500
5/15/2020,ZM,166.75,175.440002,166.559998,174.830002,174.830002,8540500
5/18/2020,ZM,170.029999,173.440002,162.641998,164.690002,164.690002,9636800
5/19/2020,ZM,167,173.860001,166.210007,173.679993,173.679993,8485500
5/20/2020,ZM,173.529999,175.639999,170.529999,175.479996,175.479996,6910000
5/21/2020,ZM,175.960007,177.800003,168.360001,172.029999,172.029999,5525300
5/22/2020,ZM,171.860001,175.889999,170.199997,171.059998,171.059998,4302200
5/26/2020,ZM,169.100006,169.690002,163.119995,164,164,6689700
5/27/2020,ZM,158.009995,162.220001,149.160004,161.970001,161.970001,10076700
5/28/2020,ZM,159.229996,169.399994,159.199997,163.550003,163.550003,6386800
5/29/2020,ZM,168,179.990005,167.860001,179.479996,179.479996,15311300
6/1/2020,ZM,183.179993,205.869995,183,204.149994,204.149994,24394400
6/2/2020,ZM,210.25,212.690002,197.320007,208.080002,208.080002,36853400
6/3/2020,ZM,211.699997,224.460007,202.320007,223.869995,223.869995,32390100
6/4/2020,ZM,221,223,207.600006,210.350006,210.350006,20212600
6/5/2020,ZM,200.110001,208.940002,196.100006,207.600006,207.600006,16298700
6/8/2020,ZM,204.350006,211.440002,198.660004,209.830002,209.830002,10457500
6/9/2020,ZM,209.830002,210.589996,202.929993,205.429993,205.429993,7521800
6/10/2020,ZM,208.889999,221.529999,208.259995,221.020004,221.020004,12241100
6/11/2020,ZM,219.179993,232,218.5,222.070007,222.070007,17615800
6/12/2020,ZM,224.789993,231.449997,216.75,219.520004,219.520004,8766000
6/15/2020,ZM,227.839996,239.589996,226.380005,239.020004,239.020004,13959100
6/16/2020,ZM,235.990005,243.5,231.820999,242.559998,242.559998,11333300
6/17/2020,ZM,243.179993,243.880005,235.119995,236.759995,236.759995,11691400
6/18/2020,ZM,240.389999,242.610001,238.220001,241.570007,241.570007,9340900
6/19/2020,ZM,241.639999,243.570007,238.703995,243.479996,243.479996,10077500
6/22/2020,ZM,247.464996,254.899994,247.289993,251.270004,251.270004,11093700
6/23/2020,ZM,251.259995,254.774994,247.570007,252.809998,252.809998,8791500
6/24/2020,ZM,254.5,258.75,248.600006,255.899994,255.899994,9862800
6/25/2020,ZM,258.230011,260.290009,252.660004,259.51001,259.51001,7490500
6/26/2020,ZM,260.519989,261.619995,250.360001,256.799988,256.799988,17142900
6/29/2020,ZM,254.970001,255.899994,243.589996,248.559998,248.559998,8436400
6/30/2020,ZM,249.869995,256.829987,248.350006,253.539993,253.539993,6305500
7/1/2020,ZM,251.350006,261,247.210007,259.130005,259.130005,6803300
7/2/2020,ZM,261,263.799988,258,261.73999,261.73999,5629000
7/6/2020,ZM,265,275.079987,259.320007,261,261,12250200
7/7/2020,ZM,261.549988,266.450012,258.100006,262.100006,262.100006,7819700
7/8/2020,ZM,263.799988,268.528015,261.290009,266.320007,266.320007,6012900
7/9/2020,ZM,269.01001,272.700012,264.220001,269.519989,269.519989,5396000
7/10/2020,ZM,271.769989,278.160004,268.640015,275.869995,275.869995,6354800
7/13/2020,ZM,278.630005,281,256.338013,260.299988,260.299988,9293000
7/14/2020,ZM,260.959991,265.329987,240.449997,260.01001,260.01001,8713100
7/15/2020,ZM,253.699997,257.5,248.119995,256.220001,256.220001,6073600
7/16/2020,ZM,250.389999,253,243.429993,248.539993,248.539993,5420100
7/17/2020,ZM,247.169998,250.936996,241.289993,246.539993,246.539993,4626600
7/20/2020,ZM,246.487,271.350006,245.990005,268.579987,268.579987,9784900
7/21/2020,ZM,268.75,269.75,258.200012,260.440002,260.440002,4762000
7/22/2020,ZM,261.950012,265.399994,255.809998,261.179993,261.179993,4581600
7/23/2020,ZM,260.839996,264.899994,249.210007,251.5,251.5,4589400
7/24/2020,ZM,246.199997,250.210007,237.199997,246.559998,246.559998,4303200
7/27/2020,ZM,249.279999,252.970001,246.220001,252.330002,252.330002,3328600
7/28/2020,ZM,252.699997,258.910004,251.320007,252.179993,252.179993,3366200
7/29/2020,ZM,255.550003,259.929993,251.149994,252.389999,252.389999,3333700
7/30/2020,ZM,250.313995,256.325989,239.320007,250,250,7926100
7/31/2020,ZM,253.5,255.199997,248.360001,253.910004,253.910004,3381100
8/3/2020,ZM,256.829987,271.100006,256.109985,268,268,6779300
8/4/2020,ZM,268,269.190002,262,267.339996,267.339996,3087300
8/5/2020,ZM,266.290009,275.093994,262.519989,272.899994,272.899994,4514900
8/6/2020,ZM,273.869995,274.480011,263.910004,268.25,268.25,3602900
8/7/2020,ZM,266.450012,268,252.789993,258.730011,258.730011,5024700
8/10/2020,ZM,259.140015,261.440002,244.539993,250,250,5714000
8/11/2020,ZM,245.479996,245.479996,230,231.039993,231.039993,9730500
8/12/2020,ZM,232.300003,239.399994,230.75,236.720001,236.720001,3932300
8/13/2020,ZM,238.149994,250.100006,238.149994,247.25,247.25,4749700
8/14/2020,ZM,249.440002,252.429993,242.399994,244.910004,244.910004,3662800
8/17/2020,ZM,248.699997,267.940002,248.509995,266.149994,266.149994,8959200
8/18/2020,ZM,271.720001,277.779999,265.5,276.799988,276.799988,6517000
8/19/2020,ZM,274.684998,279.589996,270.321991,273.51001,273.51001,4674000
8/20/2020,ZM,274.450012,290.880005,273.98999,290.690002,290.690002,9318400
8/21/2020,ZM,291,295.970001,286.944,289.679993,289.679993,5250100
8/24/2020,ZM,293,293.869995,274.105988,282.279999,282.279999,6463500
8/25/2020,ZM,279,293.721985,275.809998,290.440002,290.440002,4602900
8/26/2020,ZM,293,302,290.850006,295.269989,295.269989,5692100
8/27/2020,ZM,295.690002,301.519989,290.329987,294.679993,294.679993,5560600
8/28/2020,ZM,299.220001,303.579987,297.26001,299.269989,299.269989,5342300
9/3/2019,WORK,28.389999,29.219999,27.91,28.76,28.76,6052000
9/4/2019,WORK,29.24,31.280001,28.940001,31.07,31.07,13472700
9/5/2019,WORK,26.469999,31.209999,26,30.01,30.01,43956900
9/6/2019,WORK,29.75,29.98,27.299999,27.379999,27.379999,15019200
9/9/2019,WORK,27.58,27.6,23.93,24.92,24.92,29281800
9/10/2019,WORK,24.809999,26.860001,24.5,26.75,26.75,15140200
9/11/2019,WORK,26.26,26.26,25.15,25.25,25.25,7759200
9/12/2019,WORK,25.549999,25.9,25,25.620001,25.620001,5540900
9/13/2019,WORK,25.620001,25.695999,24.360001,24.49,24.49,6592300
9/16/2019,WORK,24.25,26.209999,24.200001,26.1,26.1,8264600
9/17/2019,WORK,26,27.41,25.775999,26.219999,26.219999,8047600
9/18/2019,WORK,26.26,26.75,24.940001,25.709999,25.709999,5481600
9/19/2019,WORK,25.82,25.959999,24.99,25.719999,25.719999,6447000
9/20/2019,WORK,25.85,26.1,25.049999,25.370001,25.370001,9361200
9/23/2019,WORK,25.209999,25.245001,23.700001,24.16,24.16,13344700
9/24/2019,WORK,23.9,24.41,23.02,23.200001,23.200001,10589900
9/25/2019,WORK,23,23.24,21.43,22.73,22.73,13027600
9/26/2019,WORK,22.41,22.940001,21.959999,22.629999,22.629999,5559600
9/27/2019,WORK,22.51,22.754999,21.25,22.059999,22.059999,6277000
9/30/2019,WORK,22.75,24.405001,22.26,23.73,23.73,12192500
10/1/2019,WORK,24.07,24.07,22.610001,22.870001,22.870001,8546700
10/2/2019,WORK,22.27,23.49,22.120001,23.43,23.43,6648800
10/3/2019,WORK,23.34,25.42,22.530001,24.93,24.93,16875200
10/4/2019,WORK,25.1,25.209999,24.23,24.969999,24.969999,6648800
10/7/2019,WORK,24.620001,26.280001,24.57,26.049999,26.049999,7737100
10/8/2019,WORK,25.83,26.396999,25.07,25.700001,25.700001,8026200
10/9/2019,WORK,25.51,25.59,24.41,24.57,24.57,9762700
10/10/2019,WORK,24.299999,24.84,23.27,23.82,23.82,11540000
10/11/2019,WORK,24.5,26.360001,24.35,25.99,25.99,15066600
10/14/2019,WORK,25.23,25.540001,24.52,24.620001,24.620001,8207700
10/15/2019,WORK,24.59,24.98,24.26,24.74,24.74,5999200
10/16/2019,WORK,23.09,23.799999,22.690001,23.639999,23.639999,14567400
10/17/2019,WORK,23.17,24,22.93,24,24,6567900
10/18/2019,WORK,23.5,23.6,21.440001,21.809999,21.809999,20142900
10/21/2019,WORK,21.93,22.74,21.870001,22.58,22.58,8547500
10/22/2019,WORK,22.52,22.58,20.91,21.030001,21.030001,11267000
10/23/2019,WORK,20.73,21.48,20.67,20.84,20.84,7690000
10/24/2019,WORK,20.950001,21.48,20.51,20.98,20.98,10296200
10/25/2019,WORK,20.75,21.33,20.219999,20.459999,20.459999,9652000
10/28/2019,WORK,20.51,21.639999,19.860001,21.469999,21.469999,13072800
10/29/2019,WORK,21.65,22.780001,21.25,22.5,22.5,11290400
10/30/2019,WORK,22.549999,23.27,22.01,23.25,23.25,9806300
10/31/2019,WORK,22.959999,23.23,21.795,22,22,5699500
11/1/2019,WORK,21.940001,22.18,21.48,21.940001,21.940001,5758200
11/4/2019,WORK,21.92,22.26,21.610001,21.940001,21.940001,6369200
11/5/2019,WORK,22,22.16,20.709999,20.75,20.75,7118700
11/6/2019,WORK,20.780001,20.950001,20.094999,20.139999,20.139999,8797100
11/7/2019,WORK,20,20.549999,19.83,20.34,20.34,7598700
11/8/2019,WORK,19.690001,20.5,19.690001,20.5,20.5,9390500
11/11/2019,WORK,20.16,20.35,19.915001,20.129999,20.129999,4510200
11/12/2019,WORK,20.049999,20.799999,19.530001,20.700001,20.700001,6743800
11/13/2019,WORK,20.6,21.379999,20.6,21.299999,21.299999,5441800
11/14/2019,WORK,21.049999,21.719999,20.9,21.690001,21.690001,7630800
11/15/2019,WORK,21.65,23.1,21.469999,22.860001,22.860001,10510500
11/18/2019,WORK,22.639999,23.549999,22.43,23.110001,23.110001,10133000
11/19/2019,WORK,22.35,22.35,20.639999,21.18,21.18,16123800
11/20/2019,WORK,20.709999,21.860001,20.68,21.700001,21.700001,6520500
11/21/2019,WORK,21.5,22.049999,20.940001,21,21,6814400
11/22/2019,WORK,21.129999,21.389999,20.959999,21.17,21.17,4289900
11/25/2019,WORK,21.34,22.615,21.25,22.5,22.5,7325600
11/26/2019,WORK,22.33,22.85,21.860001,22.09,22.09,3857600
11/27/2019,WORK,22.1,22.68,22.049999,22.620001,22.620001,3768200
11/29/2019,WORK,22.59,23.35,22.52,22.82,22.82,3146000
12/2/2019,WORK,22.83,22.83,20.92,22.51,22.51,9238400
12/3/2019,WORK,21.76,22.68,21.450001,22.57,22.57,5765000
12/4/2019,WORK,22.209999,22.65,21.51,21.66,21.66,14466800
12/5/2019,WORK,22.200001,22.83,20.665001,22.780001,22.780001,34188600
12/6/2019,WORK,22.459999,23.139999,22.110001,22.5,22.5,17866500
12/9/2019,WORK,22.389999,23.07,22.290001,23,23,9296800
12/10/2019,WORK,22.52,22.91,22.120001,22.25,22.25,10076400
12/11/2019,WORK,21.75,21.950001,20.59,20.75,20.75,21980200
12/12/2019,WORK,20.809999,20.969999,20.200001,20.9,20.9,10754700
12/13/2019,WORK,20.92,21.448999,20.67,21.389999,21.389999,8054700
12/16/2019,WORK,21.700001,21.93,21.34,21.41,21.41,9159500
12/17/2019,WORK,21.530001,21.690001,20.58,20.709999,20.709999,10502800
12/18/2019,WORK,20.51,21.475,20.15,21.129999,21.129999,10768900
12/19/2019,WORK,21.059999,21.49,20.93,21.23,21.23,9005300
12/20/2019,WORK,21.200001,21.52,20.889999,21.51,21.51,9835700
12/23/2019,WORK,21.23,21.76,21.1,21.530001,21.530001,6928200
12/24/2019,WORK,21.5,21.52,21.26,21.35,21.35,2890300
12/26/2019,WORK,21.42,22.01,21.32,22,22,5450400
12/27/2019,WORK,22.049999,22.08,21.610001,22,22,4877100
12/30/2019,WORK,22.16,22.370001,21.629999,22.209999,22.209999,8517000
12/31/2019,WORK,21.889999,22.5,21.889999,22.48,22.48,6060400
1/2/2020,WORK,22.32,23.16,22.139999,23.02,23.02,11672300
1/3/2020,WORK,22.5,22.92,22.379999,22.459999,22.459999,6765400
1/6/2020,WORK,22.32,23.66,22.16,23.52,23.52,12528700
1/7/2020,WORK,23.530001,23.950001,23.219999,23.83,23.83,9948100
1/8/2020,WORK,23.610001,24.26,23.25,23.77,23.77,7522700
1/9/2020,WORK,23.77,23.959999,22.5,23.17,23.17,11306800
1/10/2020,WORK,23.35,23.440001,22.76,23.120001,23.120001,5633800
1/13/2020,WORK,23.190001,23.51,22.82,23.200001,23.200001,5829400
1/14/2020,WORK,22.940001,22.940001,21.91,22.280001,22.280001,10466400
1/15/2020,WORK,22.4,23.23,22.215,22.33,22.33,7991900
1/16/2020,WORK,22.549999,23.296,22.549999,22.969999,22.969999,6955000
1/17/2020,WORK,23.190001,23.24,22.17,22.459999,22.459999,9408700
1/21/2020,WORK,22.48,22.68,22.059999,22.309999,22.309999,5275900
1/22/2020,WORK,22.5,22.75,22.129999,22.139999,22.139999,3964000
1/23/2020,WORK,22.24,22.285999,21.209999,21.219999,21.219999,8073000
1/24/2020,WORK,21.469999,21.796,20.559999,20.59,20.59,9070500
1/27/2020,WORK,20.049999,20.5,19.799999,20.059999,20.059999,9400400
1/28/2020,WORK,20.57,21.18,20.405001,20.98,20.98,8438200
1/29/2020,WORK,21.219999,21.273001,20.48,20.799999,20.799999,7142800
1/30/2020,WORK,20.620001,20.73,20.110001,20.639999,20.639999,6295300
1/31/2020,WORK,20.51,20.780001,20.200001,20.73,20.73,5398800
2/3/2020,WORK,20.780001,21.1,20.264999,20.98,20.98,6471900
2/4/2020,WORK,21.549999,23.59,21.549999,23.25,23.25,20621100
2/5/2020,WORK,23.360001,23.66,22.530001,23.309999,23.309999,12429000
2/6/2020,WORK,23.4,23.48,22.540001,22.65,22.65,7972400
2/7/2020,WORK,22.610001,23.07,22.5,22.99,22.99,4735000
2/10/2020,WORK,23.120001,27.889999,23,26.540001,26.540001,61006000
2/11/2020,WORK,24.549999,26.030001,24.33,25.98,25.98,22224000
2/12/2020,WORK,26.049999,26.370001,24.870001,25.809999,25.809999,9891700
2/13/2020,WORK,25.450001,26.66,25.259001,26.549999,26.549999,9858900
2/14/2020,WORK,27,28.379999,26.620001,27.99,27.99,17914500
2/18/2020,WORK,28.1,29.370001,27.32,27.58,27.58,14606500
2/19/2020,WORK,27.84,28.34,27.41,27.5,27.5,7219000
2/20/2020,WORK,27.57,28.075001,26.52,27.49,27.49,10114800
2/21/2020,WORK,29.67,29.700001,27.700001,28.440001,28.440001,18551000
2/24/2020,WORK,27.08,28.379999,26.34,27.92,27.92,11519500
2/25/2020,WORK,28.059999,28.299999,26.219999,26.75,26.75,11124600
2/26/2020,WORK,27.42,27.700001,26.15,26.610001,26.610001,7564700
2/27/2020,WORK,25.58,27.08,25.09,26.219999,26.219999,8731500
2/28/2020,WORK,25.25,27.040001,25.142,27.02,27.02,9918700
3/2/2020,WORK,27.709999,27.709999,26.01,27.209999,27.209999,9163800
3/3/2020,WORK,27.09,27.27,26.110001,26.92,26.92,8929900
3/4/2020,WORK,27,27.809999,26.73,27.799999,27.799999,7931800
3/5/2020,WORK,27.1,30.469999,27,28.389999,28.389999,20713800
3/6/2020,WORK,28.780001,29.190001,25.25,26.42,26.42,17042100
3/9/2020,WORK,24.33,25.049999,23.129999,24.889999,24.889999,10489100
3/10/2020,WORK,26.040001,26.1,23.6,25.059999,25.059999,11114400
3/11/2020,WORK,24.799999,25.280001,22.860001,23.620001,23.620001,9381500
3/12/2020,WORK,21.74,24.48,20.76,21.35,21.35,22313100
3/13/2020,WORK,21.02,21.02,15.9,19.59,19.59,49949500
3/16/2020,WORK,16.030001,19.43,15.1,17.040001,17.040001,22321400
3/17/2020,WORK,17.049999,21.370001,16.76,19.9,19.9,21975500
3/18/2020,WORK,17.99,18.700001,16.030001,18.01,18.01,26186700
3/19/2020,WORK,18.67,21.620001,17.85,21.01,21.01,42253700
3/20/2020,WORK,22.75,23.299999,20.952,22.23,22.23,19419500
3/23/2020,WORK,22.83,24.98,21.870001,24.75,24.75,18564100
3/24/2020,WORK,26.1,27.325001,25.23,25.950001,25.950001,18741800
3/25/2020,WORK,26,27.74,25.379999,25.879999,25.879999,14644100
3/26/2020,WORK,27.5,29.969999,27.110001,28.48,28.48,25945700
3/27/2020,WORK,27.75,29.540001,26.32,28.58,28.58,17938500
3/30/2020,WORK,29.09,29.709999,27.85,28.209999,28.209999,12831200
3/31/2020,WORK,28.360001,28.440001,26.52,26.84,26.84,11559500
4/1/2020,WORK,26.15,27.370001,25.582001,25.75,25.75,8348000
4/2/2020,WORK,25.48,26.25,23.559999,24.26,24.26,11099800
4/3/2020,WORK,24.75,24.860001,23.809999,24.26,24.26,6540400
4/6/2020,WORK,22.780001,25.48,22.6,24.309999,24.309999,13454700
4/7/2020,WORK,24.33,24.700001,22.92,23.48,23.48,21658200
4/8/2020,WORK,23.9,25.08,23.370001,24.9,24.9,10145100
4/9/2020,WORK,24.790001,25.85,24.26,24.700001,24.700001,9968900
4/13/2020,WORK,24.07,24.99,23.355,24.959999,24.959999,10783800
4/14/2020,WORK,26,26.450001,25.26,25.32,25.32,10432600
4/15/2020,WORK,25.17,28.09,24.58,28.030001,28.030001,18216500
4/16/2020,WORK,27.76,30,27.389999,29.379999,29.379999,32865900
4/17/2020,WORK,28.4,28.969999,27.059999,28.1,28.1,16279700
4/20/2020,WORK,28.66,30.200001,28.360001,29.25,29.25,23160600
4/21/2020,WORK,29.5,30.1,25.93,26.459999,26.459999,20504500
4/22/2020,WORK,27.17,27.200001,26.120001,26.16,26.16,9656300
4/23/2020,WORK,26.33,27.49,26.02,26.530001,26.530001,14308600
4/24/2020,WORK,27,27.18,25.620001,26.059999,26.059999,10946000
4/27/2020,WORK,26.379999,27.870001,26.379999,27.309999,27.309999,12846500
4/28/2020,WORK,28.5,28.5,26.15,26.879999,26.879999,13150300
4/29/2020,WORK,26.299999,27.33,25.02,27.07,27.07,12889700
4/30/2020,WORK,27.02,27.629999,26.26,26.690001,26.690001,10559600
5/1/2020,WORK,26.18,26.879999,25.32,26.379999,26.379999,8070400
5/4/2020,WORK,26.549999,27.450001,26.16,27.200001,27.200001,6978300
5/5/2020,WORK,27.65,27.879999,26.83,27.290001,27.290001,6912300
5/6/2020,WORK,27.5,28.190001,27.33,27.629999,27.629999,6964100
5/7/2020,WORK,28,30.07,27.9,29.950001,29.950001,20940900
5/8/2020,WORK,30.940001,31.690001,30.18,31.16,31.16,24750900
5/11/2020,WORK,31.040001,31.92,30.059999,31.26,31.26,19889000
5/12/2020,WORK,31.799999,32.150002,30.389999,31.01,31.01,16481000
5/13/2020,WORK,31.27,31.961,29.200001,30.200001,30.200001,20129000
5/14/2020,WORK,29.9,31.73,29.709999,31.66,31.66,12443100
5/15/2020,WORK,31.799999,32.849998,31.110001,31.33,31.33,14103800
5/18/2020,WORK,31.280001,31.400999,28.719999,29,29,16959300
5/19/2020,WORK,29.559999,30.440001,29.02,29.690001,29.690001,10367300
5/20/2020,WORK,30.24,31.379,30.07,31.35,31.35,8869400
5/21/2020,WORK,31.5,32.080002,30.67,31.639999,31.639999,9152000
5/22/2020,WORK,32.009998,32.080002,31.07,31.709999,31.709999,12007100
5/26/2020,WORK,32.040001,33.285999,31.610001,32.41,32.41,15961500
5/27/2020,WORK,32.299999,32.400002,30.42,32.110001,32.110001,14407600
5/28/2020,WORK,32.220001,33.73,31.93,32.540001,32.540001,11724000
5/29/2020,WORK,33.740002,35.110001,33.27,35.049999,35.049999,33704300
6/1/2020,WORK,35.580002,37.34,35.23,37.18,37.18,18397000
6/2/2020,WORK,38.77,38.900002,36.18,38.380001,38.380001,37203800
6/3/2020,WORK,38.439999,39.990002,38,39.900002,39.900002,26184600
6/4/2020,WORK,40,40.07,37.669998,37.939999,37.939999,55102700
6/5/2020,WORK,31.77,33.599998,30.52,32.560001,32.560001,91772500
6/8/2020,WORK,32.220001,32.290001,30.549999,32.009998,32.009998,37757600
6/9/2020,WORK,31.799999,32,30.85,31.32,31.32,17851600
6/10/2020,WORK,31.82,32.599998,31.33,32.470001,32.470001,20476200
6/11/2020,WORK,31.690001,32.75,29.68,30.34,30.34,27085800
6/12/2020,WORK,31.1,31.23,29.540001,30.860001,30.860001,18785700
6/15/2020,WORK,30,31.15,29.66,30.870001,30.870001,17141400
6/16/2020,WORK,31.110001,32.605,30.66,32.360001,32.360001,20961400
6/17/2020,WORK,32.580002,33.34,32.209999,32.400002,32.400002,19369800
6/18/2020,WORK,32,34.669998,31.889999,34.220001,34.220001,27456100
6/19/2020,WORK,32.560001,34.09,32.049999,33.130001,33.130001,41767000
6/22/2020,WORK,33.25,34.209999,33.150002,34.209999,34.209999,19928400
6/23/2020,WORK,34.34,34.349998,33.110001,34.040001,34.040001,20378000
6/24/2020,WORK,33.900002,34.275002,31.67,31.969999,31.969999,27224600
6/25/2020,WORK,32.32,33.080002,31.164,32.82,32.82,24371800
6/26/2020,WORK,32.740002,33.560001,31.76,32.529999,32.529999,38308100
6/29/2020,WORK,32.16,32.529999,30.15,30.870001,30.870001,20315700
6/30/2020,WORK,30.969999,31.459999,30.700001,31.09,31.09,12488500
7/1/2020,WORK,30.799999,31.27,30.58,31.059999,31.059999,11380000
7/2/2020,WORK,31.139999,31.360001,30.09,30.309999,30.309999,16953200
7/6/2020,WORK,30.540001,31.67,30.18,31.120001,31.120001,13610700
7/7/2020,WORK,31.209999,31.77,30.655001,31.48,31.48,10799400
7/8/2020,WORK,31.76,34.25,31.57,34.240002,34.240002,24960300
7/9/2020,WORK,33.57,34.09,31.9,34.02,34.02,27169400
7/10/2020,WORK,34.18,34.259998,33.169998,33.84,33.84,12095200
7/13/2020,WORK,34.549999,36.23,33.23,33.419998,33.419998,34995000
7/14/2020,WORK,32.689999,32.77,30.92,32.369999,32.369999,27748700
7/15/2020,WORK,32.18,32.23,31.26,32.119999,32.119999,14202300
7/16/2020,WORK,31.889999,31.959999,30.860001,31.610001,31.610001,11052800
7/17/2020,WORK,32.130001,32.485001,31.35,32.110001,32.110001,10530100
7/20/2020,WORK,32.209999,33.459999,32.07,33.290001,33.290001,12126200
7/21/2020,WORK,33.700001,33.790001,32.470001,32.610001,32.610001,12822500
7/22/2020,WORK,32.77,32.880001,30.73,30.940001,30.940001,20248600
7/23/2020,WORK,30.950001,31.718,30.040001,30.35,30.35,14914100
7/24/2020,WORK,29.98,30,28.820999,29.719999,29.719999,16251400
7/27/2020,WORK,29.83,30.01,28.950001,29.370001,29.370001,13550400
7/28/2020,WORK,29.190001,29.48,28.51,28.75,28.75,14343100
7/29/2020,WORK,28.950001,29.030001,28.450001,28.6,28.6,11042100
7/30/2020,WORK,28.42,29.059999,28.02,28.77,28.77,8518800
7/31/2020,WORK,29.030001,29.639999,28.360001,29.549999,29.549999,14138500
8/3/2020,WORK,29.940001,30.754999,29.66,30.5,30.5,18787300
8/4/2020,WORK,30.6,30.73,30.075001,30.540001,30.540001,8821100
8/5/2020,WORK,30.35,30.5,29.59,30.01,30.01,9498500
8/6/2020,WORK,30,31.27,29.6,30.09,30.09,14511300
8/7/2020,WORK,30,30.120001,28.299999,28.950001,28.950001,15369700
8/10/2020,WORK,29.030001,29.110001,27.57,28.120001,28.120001,14221800
8/11/2020,WORK,27.9,28.205,27.527,27.610001,27.610001,9760400
8/12/2020,WORK,27.799999,28.48,27.540001,27.85,27.85,9563300
8/13/2020,WORK,28.02,28.58,27.85,28.24,28.24,6688300
8/14/2020,WORK,28.370001,28.799999,28.219999,28.360001,28.360001,4774800
8/17/2020,WORK,28.440001,28.780001,27.565001,28.24,28.24,9516300
8/18/2020,WORK,28.219999,28.700001,28.040001,28.41,28.41,8112400
8/19/2020,WORK,28.43,28.9,28.280001,28.57,28.57,6342500
8/20/2020,WORK,28.58,30.1,28.450001,29.98,29.98,12255900
8/21/2020,WORK,30.139999,30.33,29.07,29.08,29.08,8273800
8/24/2020,WORK,29.360001,29.43,28.139999,28.290001,28.290001,11291800
8/25/2020,WORK,28.18,28.84,27.77,28.57,28.57,8684600
8/26/2020,WORK,28.940001,31.02,28.9,30.23,30.23,19021500
8/27/2020,WORK,30.530001,31.200001,30.040001,30.85,30.85,12681700
8/28/2020,WORK,31.030001,32.240002,31,31.91,31.91,12368100
8/31/2020,WORK,32.029999,32.5732,31.690001,32.312,32.312,4519013
